--
-- PostgreSQL database dump
--

-- Dumped from database version 14.9 (Ubuntu 14.9-0ubuntu0.22.04.1)
-- Dumped by pg_dump version 14.9 (Ubuntu 14.9-0ubuntu0.22.04.1)

SET statement_timeout = 0;
SET lock_timeout = 0;
SET idle_in_transaction_session_timeout = 0;
SET client_encoding = 'UTF8';
SET standard_conforming_strings = on;
SELECT pg_catalog.set_config('search_path', '', false);
SET check_function_bodies = false;
SET xmloption = content;
SET client_min_messages = warning;
SET row_security = off;

SET default_tablespace = '';

SET default_table_access_method = heap;

--
-- Name: EMPDEV_device; Type: TABLE; Schema: public; Owner: postgres
--

CREATE TABLE public."EMPDEV_device" (
    id bigint NOT NULL,
    serialnumber character varying(100) NOT NULL,
    modal character varying(100) NOT NULL,
    rate character varying(10) NOT NULL,
    cpu character varying(100),
    date date,
    "Employe_id" bigint NOT NULL,
    "RamDevice_id" bigint,
    "StorgeDevice_id" bigint,
    "TypeDevice_id" bigint NOT NULL,
    gpu character varying(200),
    screen character varying(200),
    price integer
);


ALTER TABLE public."EMPDEV_device" OWNER TO postgres;

--
-- Name: EMPDEV_device_id_seq; Type: SEQUENCE; Schema: public; Owner: postgres
--

ALTER TABLE public."EMPDEV_device" ALTER COLUMN id ADD GENERATED BY DEFAULT AS IDENTITY (
    SEQUENCE NAME public."EMPDEV_device_id_seq"
    START WITH 1
    INCREMENT BY 1
    NO MINVALUE
    NO MAXVALUE
    CACHE 1
);


--
-- Name: EMPDEV_employe; Type: TABLE; Schema: public; Owner: postgres
--

CREATE TABLE public."EMPDEV_employe" (
    id bigint NOT NULL,
    name character varying(200) NOT NULL,
    location character varying(200) NOT NULL,
    phone integer NOT NULL,
    empnumber integer NOT NULL,
    "PublicAd_id" bigint NOT NULL
);


ALTER TABLE public."EMPDEV_employe" OWNER TO postgres;

--
-- Name: EMPDEV_employe_id_seq; Type: SEQUENCE; Schema: public; Owner: postgres
--

ALTER TABLE public."EMPDEV_employe" ALTER COLUMN id ADD GENERATED BY DEFAULT AS IDENTITY (
    SEQUENCE NAME public."EMPDEV_employe_id_seq"
    START WITH 600
    INCREMENT BY 1
    NO MINVALUE
    NO MAXVALUE
    CACHE 1
);


--
-- Name: EMPDEV_maintainaces; Type: TABLE; Schema: public; Owner: postgres
--

CREATE TABLE public."EMPDEV_maintainaces" (
    id bigint NOT NULL,
    stpes character varying(300) NOT NULL,
    cost numeric(20,3) NOT NULL,
    datein date,
    dateout date,
    "TypeBreak_id" bigint NOT NULL,
    device_id bigint NOT NULL
);


ALTER TABLE public."EMPDEV_maintainaces" OWNER TO postgres;

--
-- Name: EMPDEV_maintainaces_id_seq; Type: SEQUENCE; Schema: public; Owner: postgres
--

ALTER TABLE public."EMPDEV_maintainaces" ALTER COLUMN id ADD GENERATED BY DEFAULT AS IDENTITY (
    SEQUENCE NAME public."EMPDEV_maintainaces_id_seq"
    START WITH 1
    INCREMENT BY 1
    NO MINVALUE
    NO MAXVALUE
    CACHE 1
);


--
-- Name: EMPDEV_publicad; Type: TABLE; Schema: public; Owner: postgres
--

CREATE TABLE public."EMPDEV_publicad" (
    id bigint NOT NULL,
    name character varying(100) NOT NULL
);


ALTER TABLE public."EMPDEV_publicad" OWNER TO postgres;

--
-- Name: EMPDEV_publicad_id_seq; Type: SEQUENCE; Schema: public; Owner: postgres
--

ALTER TABLE public."EMPDEV_publicad" ALTER COLUMN id ADD GENERATED BY DEFAULT AS IDENTITY (
    SEQUENCE NAME public."EMPDEV_publicad_id_seq"
    START WITH 23
    INCREMENT BY 1
    NO MINVALUE
    NO MAXVALUE
    CACHE 1
);


--
-- Name: EMPDEV_ramdevice; Type: TABLE; Schema: public; Owner: postgres
--

CREATE TABLE public."EMPDEV_ramdevice" (
    id bigint NOT NULL,
    size integer NOT NULL,
    type_id bigint NOT NULL
);


ALTER TABLE public."EMPDEV_ramdevice" OWNER TO postgres;

--
-- Name: EMPDEV_ramdevice_id_seq; Type: SEQUENCE; Schema: public; Owner: postgres
--

ALTER TABLE public."EMPDEV_ramdevice" ALTER COLUMN id ADD GENERATED BY DEFAULT AS IDENTITY (
    SEQUENCE NAME public."EMPDEV_ramdevice_id_seq"
    START WITH 1
    INCREMENT BY 1
    NO MINVALUE
    NO MAXVALUE
    CACHE 1
);


--
-- Name: EMPDEV_storgedevice; Type: TABLE; Schema: public; Owner: postgres
--

CREATE TABLE public."EMPDEV_storgedevice" (
    id bigint NOT NULL,
    size integer NOT NULL,
    type_id bigint NOT NULL
);


ALTER TABLE public."EMPDEV_storgedevice" OWNER TO postgres;

--
-- Name: EMPDEV_storgedevice_id_seq; Type: SEQUENCE; Schema: public; Owner: postgres
--

ALTER TABLE public."EMPDEV_storgedevice" ALTER COLUMN id ADD GENERATED BY DEFAULT AS IDENTITY (
    SEQUENCE NAME public."EMPDEV_storgedevice_id_seq"
    START WITH 1
    INCREMENT BY 1
    NO MINVALUE
    NO MAXVALUE
    CACHE 1
);


--
-- Name: EMPDEV_typebreaks; Type: TABLE; Schema: public; Owner: postgres
--

CREATE TABLE public."EMPDEV_typebreaks" (
    id bigint NOT NULL,
    name character varying(100) NOT NULL
);


ALTER TABLE public."EMPDEV_typebreaks" OWNER TO postgres;

--
-- Name: EMPDEV_typebreaks_id_seq; Type: SEQUENCE; Schema: public; Owner: postgres
--

ALTER TABLE public."EMPDEV_typebreaks" ALTER COLUMN id ADD GENERATED BY DEFAULT AS IDENTITY (
    SEQUENCE NAME public."EMPDEV_typebreaks_id_seq"
    START WITH 1
    INCREMENT BY 1
    NO MINVALUE
    NO MAXVALUE
    CACHE 1
);


--
-- Name: EMPDEV_typedevice; Type: TABLE; Schema: public; Owner: postgres
--

CREATE TABLE public."EMPDEV_typedevice" (
    id bigint NOT NULL,
    name character varying(100) NOT NULL
);


ALTER TABLE public."EMPDEV_typedevice" OWNER TO postgres;

--
-- Name: EMPDEV_typedevice_id_seq; Type: SEQUENCE; Schema: public; Owner: postgres
--

ALTER TABLE public."EMPDEV_typedevice" ALTER COLUMN id ADD GENERATED BY DEFAULT AS IDENTITY (
    SEQUENCE NAME public."EMPDEV_typedevice_id_seq"
    START WITH 1
    INCREMENT BY 1
    NO MINVALUE
    NO MAXVALUE
    CACHE 1
);


--
-- Name: EMPDEV_typeramhard; Type: TABLE; Schema: public; Owner: postgres
--

CREATE TABLE public."EMPDEV_typeramhard" (
    id bigint NOT NULL,
    type character varying(100) NOT NULL
);


ALTER TABLE public."EMPDEV_typeramhard" OWNER TO postgres;

--
-- Name: EMPDEV_typeramhard_id_seq; Type: SEQUENCE; Schema: public; Owner: postgres
--

ALTER TABLE public."EMPDEV_typeramhard" ALTER COLUMN id ADD GENERATED BY DEFAULT AS IDENTITY (
    SEQUENCE NAME public."EMPDEV_typeramhard_id_seq"
    START WITH 1
    INCREMENT BY 1
    NO MINVALUE
    NO MAXVALUE
    CACHE 1
);


--
-- Name: auth_group; Type: TABLE; Schema: public; Owner: postgres
--

CREATE TABLE public.auth_group (
    id integer NOT NULL,
    name character varying(150) NOT NULL
);


ALTER TABLE public.auth_group OWNER TO postgres;

--
-- Name: auth_group_id_seq; Type: SEQUENCE; Schema: public; Owner: postgres
--

ALTER TABLE public.auth_group ALTER COLUMN id ADD GENERATED BY DEFAULT AS IDENTITY (
    SEQUENCE NAME public.auth_group_id_seq
    START WITH 1
    INCREMENT BY 1
    NO MINVALUE
    NO MAXVALUE
    CACHE 1
);


--
-- Name: auth_group_permissions; Type: TABLE; Schema: public; Owner: postgres
--

CREATE TABLE public.auth_group_permissions (
    id bigint NOT NULL,
    group_id integer NOT NULL,
    permission_id integer NOT NULL
);


ALTER TABLE public.auth_group_permissions OWNER TO postgres;

--
-- Name: auth_group_permissions_id_seq; Type: SEQUENCE; Schema: public; Owner: postgres
--

ALTER TABLE public.auth_group_permissions ALTER COLUMN id ADD GENERATED BY DEFAULT AS IDENTITY (
    SEQUENCE NAME public.auth_group_permissions_id_seq
    START WITH 1
    INCREMENT BY 1
    NO MINVALUE
    NO MAXVALUE
    CACHE 1
);


--
-- Name: auth_permission; Type: TABLE; Schema: public; Owner: postgres
--

CREATE TABLE public.auth_permission (
    id integer NOT NULL,
    name character varying(255) NOT NULL,
    content_type_id integer NOT NULL,
    codename character varying(100) NOT NULL
);


ALTER TABLE public.auth_permission OWNER TO postgres;

--
-- Name: auth_permission_id_seq; Type: SEQUENCE; Schema: public; Owner: postgres
--

ALTER TABLE public.auth_permission ALTER COLUMN id ADD GENERATED BY DEFAULT AS IDENTITY (
    SEQUENCE NAME public.auth_permission_id_seq
    START WITH 1
    INCREMENT BY 1
    NO MINVALUE
    NO MAXVALUE
    CACHE 1
);


--
-- Name: auth_user; Type: TABLE; Schema: public; Owner: postgres
--

CREATE TABLE public.auth_user (
    id integer NOT NULL,
    password character varying(128) NOT NULL,
    last_login timestamp with time zone,
    is_superuser boolean NOT NULL,
    username character varying(150) NOT NULL,
    first_name character varying(150) NOT NULL,
    last_name character varying(150) NOT NULL,
    email character varying(254) NOT NULL,
    is_staff boolean NOT NULL,
    is_active boolean NOT NULL,
    date_joined timestamp with time zone NOT NULL
);


ALTER TABLE public.auth_user OWNER TO postgres;

--
-- Name: auth_user_groups; Type: TABLE; Schema: public; Owner: postgres
--

CREATE TABLE public.auth_user_groups (
    id bigint NOT NULL,
    user_id integer NOT NULL,
    group_id integer NOT NULL
);


ALTER TABLE public.auth_user_groups OWNER TO postgres;

--
-- Name: auth_user_groups_id_seq; Type: SEQUENCE; Schema: public; Owner: postgres
--

ALTER TABLE public.auth_user_groups ALTER COLUMN id ADD GENERATED BY DEFAULT AS IDENTITY (
    SEQUENCE NAME public.auth_user_groups_id_seq
    START WITH 1
    INCREMENT BY 1
    NO MINVALUE
    NO MAXVALUE
    CACHE 1
);


--
-- Name: auth_user_id_seq; Type: SEQUENCE; Schema: public; Owner: postgres
--

ALTER TABLE public.auth_user ALTER COLUMN id ADD GENERATED BY DEFAULT AS IDENTITY (
    SEQUENCE NAME public.auth_user_id_seq
    START WITH 1
    INCREMENT BY 1
    NO MINVALUE
    NO MAXVALUE
    CACHE 1
);


--
-- Name: auth_user_user_permissions; Type: TABLE; Schema: public; Owner: postgres
--

CREATE TABLE public.auth_user_user_permissions (
    id bigint NOT NULL,
    user_id integer NOT NULL,
    permission_id integer NOT NULL
);


ALTER TABLE public.auth_user_user_permissions OWNER TO postgres;

--
-- Name: auth_user_user_permissions_id_seq; Type: SEQUENCE; Schema: public; Owner: postgres
--

ALTER TABLE public.auth_user_user_permissions ALTER COLUMN id ADD GENERATED BY DEFAULT AS IDENTITY (
    SEQUENCE NAME public.auth_user_user_permissions_id_seq
    START WITH 1
    INCREMENT BY 1
    NO MINVALUE
    NO MAXVALUE
    CACHE 1
);


--
-- Name: django_admin_log; Type: TABLE; Schema: public; Owner: postgres
--

CREATE TABLE public.django_admin_log (
    id integer NOT NULL,
    action_time timestamp with time zone NOT NULL,
    object_id text,
    object_repr character varying(200) NOT NULL,
    action_flag smallint NOT NULL,
    change_message text NOT NULL,
    content_type_id integer,
    user_id integer NOT NULL,
    CONSTRAINT django_admin_log_action_flag_check CHECK ((action_flag >= 0))
);


ALTER TABLE public.django_admin_log OWNER TO postgres;

--
-- Name: django_admin_log_id_seq; Type: SEQUENCE; Schema: public; Owner: postgres
--

ALTER TABLE public.django_admin_log ALTER COLUMN id ADD GENERATED BY DEFAULT AS IDENTITY (
    SEQUENCE NAME public.django_admin_log_id_seq
    START WITH 1
    INCREMENT BY 1
    NO MINVALUE
    NO MAXVALUE
    CACHE 1
);


--
-- Name: django_content_type; Type: TABLE; Schema: public; Owner: postgres
--

CREATE TABLE public.django_content_type (
    id integer NOT NULL,
    app_label character varying(100) NOT NULL,
    model character varying(100) NOT NULL
);


ALTER TABLE public.django_content_type OWNER TO postgres;

--
-- Name: django_content_type_id_seq; Type: SEQUENCE; Schema: public; Owner: postgres
--

ALTER TABLE public.django_content_type ALTER COLUMN id ADD GENERATED BY DEFAULT AS IDENTITY (
    SEQUENCE NAME public.django_content_type_id_seq
    START WITH 1
    INCREMENT BY 1
    NO MINVALUE
    NO MAXVALUE
    CACHE 1
);


--
-- Name: django_migrations; Type: TABLE; Schema: public; Owner: postgres
--

CREATE TABLE public.django_migrations (
    id bigint NOT NULL,
    app character varying(255) NOT NULL,
    name character varying(255) NOT NULL,
    applied timestamp with time zone NOT NULL
);


ALTER TABLE public.django_migrations OWNER TO postgres;

--
-- Name: django_migrations_id_seq; Type: SEQUENCE; Schema: public; Owner: postgres
--

ALTER TABLE public.django_migrations ALTER COLUMN id ADD GENERATED BY DEFAULT AS IDENTITY (
    SEQUENCE NAME public.django_migrations_id_seq
    START WITH 1
    INCREMENT BY 1
    NO MINVALUE
    NO MAXVALUE
    CACHE 1
);


--
-- Name: django_session; Type: TABLE; Schema: public; Owner: postgres
--

CREATE TABLE public.django_session (
    session_key character varying(40) NOT NULL,
    session_data text NOT NULL,
    expire_date timestamp with time zone NOT NULL
);


ALTER TABLE public.django_session OWNER TO postgres;

--
-- Data for Name: EMPDEV_device; Type: TABLE DATA; Schema: public; Owner: postgres
--

COPY public."EMPDEV_device" (id, serialnumber, modal, rate, cpu, date, "Employe_id", "RamDevice_id", "StorgeDevice_id", "TypeDevice_id", gpu, screen, price) FROM stdin;
4	5CD2315K2H	HP Victus15-fa0000	5	Cor i7 12650H	2023-02-01	328	1	3	1	\N	\N	\N
5	5CD2371TSP	HP Victus15-fa0000	5	Core i7 12650H	2022-11-01	367	1	3	1	\N	\N	\N
7	0000000000	MSI Modem 15 	5	I7-1165G7	2021-04-01	459	7	5	1	\N	\N	\N
8	000000000	 HP 15DW3 	5	Cor i7-1165G7	2023-07-31	97	6	3	1	\N	\N	\N
10	CND0500SNK	HP Laptop 15-dw3017NJ	5	Core i7-1165G7	2021-11-10	433	1	1	1	\N	\N	\N
11	CND0500SPL	HP Laptop 15-dw3017NJ\t	5	Core i7-1165G7	2021-05-10	444	1	1	1	\N	\N	\N
12	CND0500SNY	HP Laptop 15-dw3017NJ\t	5	Core i7-1165G7	2023-05-10	188	1	3	1	\N	\N	\N
13	CND0500SMT	HP Laptop 15-dw3017NJ\t	5	Core i7-1165G7	2021-11-15	172	1	3	1	\N	\N	\N
14	CND0500SP6	HP Laptop 15-dw3017NJ\t	5	Core i7-1165G7	2022-05-10	115	1	3	1	\N	\N	\N
15	CND0500SP6\t	HP Laptop 15-dw3017NJ\t	5	Core i7-1165G7	2021-11-15	80	1	3	1	\N	\N	\N
16	5CDO51K6DM	HP OMEN 15	5	AMD Ryzen 7 4800H	2021-07-07	464	1	3	1	\N	\N	\N
19	CND2322VV5	HP 250 G8	5	Core i3 1115G4	2023-08-06	7	3	7	1	\N	\N	\N
20	CNP2322PM	HP 250 G8	5	Core i3 1115G4	2023-08-07	122	3	7	1	\N	\N	\N
22	CND2322VRW	HP 250 G8	5	Core i3 1115G4	2023-08-07	344	3	7	1	\N	\N	\N
23	CND2322VDR	HP 250 G8	5	Core i3 1115G4	2023-08-07	196	3	7	1	\N	\N	\N
24	CND2322V8P	HP 250 G8	5	Core i3 1115G4	2023-08-07	14	3	7	1	\N	\N	\N
25	CND2322VXH	HP 250 G8	5	Core i3 1115G4	2023-08-07	362	3	7	1	\N	\N	\N
26	CND2322VْXZ	HP 250 G8	5	Core i3 1115G4	2023-08-07	104	3	7	1	\N	\N	\N
27	CND2322VMQ	HP 250 G8	5	Core i3 1115G4	2023-08-07	195	3	7	1	\N	\N	\N
28	CND2322V38	HP 250 G8	5	Core i3 1115G4	2023-08-07	489	3	7	1	\N	\N	\N
29	CND2322W2T	HP 250 G8	5	Core i3 1115G4	2023-08-07	326	3	7	1	\N	\N	\N
30	CND2322VP1	HP 250 G8	5	Core i3 1115G4	2023-08-07	449	3	7	1	\N	\N	\N
31	CND2322VMN	HP 250 G8	5	Core i3 1115G4	2023-08-07	212	3	7	1	\N	\N	\N
32	CND2322VN4	HP 250 G8	5	Core i3 1115G4	2023-08-07	67	3	7	1	\N	\N	\N
33	25124541	test	5	undefined	2023-08-16	102	1	3	1	rtx3050	ips	10000
6	5CD2315JYV	HP Victus15-fa0000\t	5	Core i7 12650H	2023-08-27	22	1	1	1	\N	\N	\N
17	5CDO51K6DR	HP OMEN 15	5	AMD Ryzen 7 4800H	2022-05-11	464	1	1	1	\N	\N	\N
\.


--
-- Data for Name: EMPDEV_employe; Type: TABLE DATA; Schema: public; Owner: postgres
--

COPY public."EMPDEV_employe" (id, name, location, phone, empnumber, "PublicAd_id") FROM stdin;
1	ابراهيم الزين ابراهيم قشطة	معبر رفح التجاري	599217202	210050	1
2	ابراهيم حامد محمد أبو بكره	مديرية زراعة الوسطى	598877189	221420	2
3	ابراهيم حسين محمد قويدر	محررة اليرموك	599413277	220191	3
4	ابراهيم راضى سليمان ابو محسن	محطة تجارب خانيونس	592139332	220295	4
5	ابراهيم صبحي خليل صلوحة	مشتل الشاطئ	595860450	228303	4
6	ابراهيم صلاح صالح الشاعر	معبر رفح التجاري	599716178	220300	1
7	ابراهيم عاطف ابراهيم أبو وردة	مقر الوزارة  - مشتل الشاطئ	592623382	227051	5
8	ابراهيم عيد بسيوني البسيوني	مديرية زراعة شمال غزة	599883125	209372	6
9	ابراهيم محمد سليمان النحال	مديرية زراعة رفح	597879020	228307	7
10	ابراهيم محمد عبد ربه الجزار	معبر كرم ابو سالم	599865136	209998	1
11	ابراهيم موسى دياب الاغا	محررة تل الجنان (1)	597988449	220299	3
12	اشتيان حسين حسان دراوشة	مديرية زراعة الوسطى	599017853	221398	2
13	اكرامي سليم عبد العزيز المشني	محررة حطين	599060603	220278	3
14	الاء محمد تميم محمود الجديلي	مقر الوزارة  - مشتل الشاطئ	599156794	231053	8
15	السيد محمد محمود المصري	مديرية زراعة الوسطى	567244002	221405	6
16	المعتصم بالله خليل محمد الآغا	مرسى الصيادين - خانيونس	599687580	210047	9
17	المنتصر بالله فؤاد محمد عدوان	مديرية زراعة خانيونس	597799365	223690	6
18	اياد جهاد سليمان عاشور	معبر رفح التجاري	592748814	42572	1
19	اياد عبد الحميد حمدان الشاعر	محررة اليرموك	599213378	220159	3
20	اياد عبد المعطي صالح الاسطل	محررة ذات الصواري	592531120	210282	3
21	اياد عبد الهادي محمد بر	مديرية زراعة الوسطى	599864295	209193	10
22	اياد عبد ربه سالم أبو منديل	مقر الوزارة  - مشتل الشاطئ	599660695	205214	11
23	اياد عمر سلامة الهبيل	مقر الوزارة  - مشتل الشاطئ	592297266	26177	2
24	اياد كمال يوسف ياسين	مقر الوزارة  - مشتل الشاطئ	592321676	228813	2
25	اياد محمد عبد العزيز نوفل	الابار - بئر 22	599461900	220322	3
26	اياد منصور محمد السلك	مقر الوزارة  - مشتل الشاطئ	599848741	209386	5
27	ايناس رسمي شحادة الغول	مديرية زراعة خانيونس	599792580	209266	4
28	ايهاب اسماعيل عبد المجيد طه	مقر الوزارة  - مشتل الشاطئ	599496139	209201	6
29	ايهاب جمال خميس أبو حرب	معبر رفح التجاري	599440058	221417	1
30	إسراء فلاح عيد حسونة	مقر الوزارة  - مشتل الشاطئ	597231421	227832	16
32	أحمد السيد أحمد فطاير	مقر الوزارة  - مشتل الشاطئ	599634256	209380	5
33	أحمد برهم محمود بريكه	الابار - بئر 20	599790104	220303	3
34	أحمد جبرين محمد الأسطل	مقر 3	599422021	210016	3
35	أحمد جمعه علي الاغا	المحجر البيطري - خانيونس	595563695	220293	7
36	أحمد جميل توفيق شبير	محررة عين جالوت	598057764	220282	3
37	أحمد حسن ابراهيم النجار	مشتل الشاطئ	597677107	210036	4
38	أحمد خميس سعيد قاسم	مقر الوزارة  - مشتل الشاطئ	598332521	228294	2
39	أحمد ديب محمد النواجحة	معبر كرم ابو سالم	599365955	209552	1
40	أحمد شعبان ابراهيم الحايك	مقر الوزارة  - مشتل الشاطئ	599805600	210169	2
41	أحمد صبري علي قاسم	مقر الوزارة  - مشتل الشاطئ	592639747	223687	6
42	أحمد عبد ربه سالم ابو منديل	محررة عين جالوت	598651717	220289	3
43	أحمد عثمان أحمد اللحام	مشتل خانيونس	599952413	222438	4
44	أحمد علي كامل الشيخ علي	9	597300033	207009	9
45	أحمد علي محمود جحجوح	مديرية زراعة الوسطى	599729937	228679	10
46	أحمد عمران خميس الأسطل	محررة تل الجنان (2)	597249849	220296	3
47	أحمد قاسم أحمد السوسي	مقر الوزارة  - مشتل الشاطئ	599748582	210241	2
48	أحمد محمد أحمد الفرا	معبر رفح التجاري	599909789	220192	1
49	أحمد محمد شعبان الدباغ	مقر الوزارة  - مشتل الشاطئ	599834576	15690	1
50	أحمد محمد عوده الاسطل	مقر 3	598914201	221630	3
51	أحمد مرزوق محمد شحيبر	مقر الوزارة  - مشتل الشاطئ	597118281	226975	5
52	أحمد مصطفى دياب سلامة	مقر الوزارة  - مشتل الشاطئ	595776000	210167	2
53	أحمد موسي حسن جاد الله	مقر الوزارة  - مشتل الشاطئ	598767637	208825	5
54	أحمد نعيم خليل العويطي	مقر الوزارة  - مشتل الشاطئ	599656228	210031	4
55	أحمد ياسر أحمد الاسطل	محطة تجارب خانيونس	592413429	220272	4
56	أدهم اسماعيل محمود البسيوني	مديرية زراعة شمال غزة	598936624	223688	6
57	أروي خضر درويش سلمي	مقر الوزارة  - مشتل الشاطئ	599059562	224382	19
58	أسامة اسماعيل محمد التوم	مديرية زراعة رفح	592308014	221429	6
59	أسامة محمد علي ابو ندي	مقر الوزارة  - مشتل الشاطئ	598732753	227214	12
60	أسامة نواف حسن جبر	مرسى الصيادين - رفح	598837358	221626	9
61	أسامة يحيى محمد شيخ العيد	مقر الوزارة  - مشتل الشاطئ	599736446	209384	6
62	أسعد خالد علي الاسطل	محررة حطين	597758159	221040	3
63	أسعد عبد الباري حامد شبير	مقر الوزارة  - مشتل الشاطئ	598798312	210049	2
64	أسعد عثمان طباسي الاغا	محطة معالجة خانيونس	595687639	222653	2
65	أسعد محمد عبد المالك أبو طعيمة	مديرية زراعة خانيونس	599425445	209378	6
66	أسماء رسمي سالم شنينو النجار	مقر الوزارة  - مشتل الشاطئ	592811819	227126	13
67	أشرف اسماعيل ابراهيم أبو سويرح	مديرية زراعة الوسطى	597907292	209388	6
68	أشرف جمال شوكت التركماني	مقر الوزارة  - مشتل الشاطئ	599883637	212647	13
69	أشرف عبد الجواد عطية عليان	9	599244879	210239	9
70	أشرف محمد مرزوق ابو سمور	محررة تل الجنان (1)	599677452	220285	3
71	أفنان ابراهيم خميس عياش	مقر الوزارة  - مشتل الشاطئ	594015086	227023	7
72	أماني أنيس صالح الزيتونية	مقر الوزارة  - مشتل الشاطئ	597366768	231110	6
73	أمجد عيسى مسعود الآغا	مقر الوزارة  - مشتل الشاطئ	599714770	210038	14
74	أنور حامد شعبان حنيف	مديرية زراعة رفح	595940800	39481	6
75	أنور عبدالعزيز محمد عقيل	الاستزراع السمكي - خانيونس	599301453	204852	9
76	أنورعايش فايق أبو عاصي	9	597554011	37419	9
77	أوسم محمد ابراهيم العمور	مقر الوزارة  - مشتل الشاطئ	599637436	210022	19
78	أية توفيق أحمد أبو الحمضيات	مقر الوزارة  - مشتل الشاطئ	567022811	232051	2
79	أيمن ابراهيم برهم الشاعر	الابار - بئر 20	599889075	220209	3
80	أيمن حسن عبد الله اليازوري	مقر الوزارة  - مشتل الشاطئ	595277733	221034	12
81	أيمن عوض عبد الهادي فياض	مديرية زراعة الوسطى	599774734	215487	1
82	أيمن محمد حسن السقا	محررة حطين	598264577	220471	3
83	أيمن محمد عواد الاسطل	محررة تل الجنان (1)	598680525	220206	3
84	أيمن محمد عيد زعرب	محطة تجارب خانيونس	599899872	220205	2
85	أيمن مدحت ملاحي الأغا	مشتل خانيونس	597739643	221392	4
86	باسل حيدر حمدي النجار	محررة عين جالوت	599939752	220450	3
87	بسام جواد سعدي الدريملي	مقر الوزارة  - مشتل الشاطئ	599820034	222305	2
88	بسام سالم أحمد صادق	مشتل خانيونس	599566158	221411	4
89	بسام علي  حسن راضي	مقر الوزارة  - مشتل الشاطئ	598914208	205072	14
90	بسام يونس عوض الله أبو خوصة	مشتل السد الاخضر	599733193	210166	4
91	بكر ابراهيم أحمد يونس	مقر الوزارة  - مشتل الشاطئ	594051054	230330	13
92	بلال حسن علي العبادله	محررة حطين	599213843	220448	3
93	بلال حسين عبد الكريم أبو أسد	مديرية زراعة الوسطى	599058387	230886	10
94	بلال محمد سليمان زعرب	مقر 3	599752570	220451	3
95	بهاء الدين يوسف عنتر الأغا	مقر الوزارة  - مشتل الشاطئ	599254783	47186	13
96	بهاء عبد الله أحمد الجمل	معبر كرم ابو سالم	598811234	209202	1
97	تامر السيد أحمد فطاير	مقر الوزارة  - مشتل الشاطئ	598887102	222304	15
98	تامر اياد خليل الزعانين	9	599348481	209369	10
99	تتيانا يوري ايفان بريلاكوفا	مقر الوزارة  - مشتل الشاطئ	598260669	223609	4
100	تحرير برهم علي العويطي	مقر الوزارة  - مشتل الشاطئ	592055802	37677	13
101	تسنيم زكريا محي الدين كلاب	مقر الوزارة  - مشتل الشاطئ	592811346	227202	16
102	تسنيم عاطف عبد الحمبد الشويخ	مقر الوزارة  - مشتل الشاطئ	598775308	227125	16
103	تسنيم كامل أحمد أبو ماضي	مقر الوزارة  - مشتل الشاطئ	598683032	231057	1
104	تهاني سالم حنفي الشرفا	مقر الوزارة  - مشتل الشاطئ	598830164	222112	2
105	توفيق ابراهيم توفيق شبير	مديرية زراعة خانيونس	599684529	210044	7
106	تيسير أحمد عبد الله الغلبان	مديرية زراعة الوسطى	598870659	215284	2
107	تيسير بشير عبد الله العقاد	مديرية زراعة خانيونس	599571933	220452	6
108	جبريل عمر خليل عياش	مقر الوزارة  - مشتل الشاطئ	599681215	210281	2
109	جبريل نبيل محمد الناعوق	مقر الوزارة  - مشتل الشاطئ	599728769	210401	2
110	جلال محمد ابراهيم أبو عامر	معبر كرم ابو سالم	599574751	209391	1
111	جمال سعيد سليمان عابدين	محررة اليرموك	599571776	220415	3
112	جمعه عبد الرحمن أحمد النيرب	محطة معالجة رفح	599480419	220401	2
113	جهاد اسماعيل موسى الاسطل	محررة عين جالوت	599629902	220213	3
114	جهاد حامد عبد القادر الاسطل	محررة ذات الصواري	598914212	221770	3
115	جهاد محمد محمود عامر	مقر الوزارة  - مشتل الشاطئ	599214569	210029	12
116	جهاد نظير خليل شعت	محررة اليرموك	598914215	221629	3
117	جهاد يوسف عبد الهادي صلاح	9	598936626	212645	9
118	جواد نظير خليل شعت	الابار - بئر 17	598289492	220456	3
119	حاتم جودة الله حسن الاسطل	محررة عين جالوت	597467060	220398	3
120	حاتم عبد الحميد محمد النجار	محررة اليرموك	598837173	220411	3
121	حاتم عمر عبد الاغا	مديرية زراعة الوسطى	599411289	210549	1
122	حازم بسام حسين كساب	مقر الوزارة  - مشتل الشاطئ	599349406	226944	5
123	حازم حمد عبد الرحمن أبو بكره	مقر الوزارة  - مشتل الشاطئ	592355898	221413	2
124	حازم نبيل عياده حسنين	محررة عين جالوت	599563357	220402	3
125	حافظ أحمد محمد ابو الروس	محررة اليرموك	599883478	220422	3
126	حامد ابراهيم درويش الشاعر	الابار - بئر 18	599406227	220181	3
127	حامد عايش صباح أبو بكره	مقر الوزارة  - مشتل الشاطئ	599637545	221419	2
128	حامد عيد سلمان الجبيري	محررة عين جالوت	592159397	221771	3
129	حسام حمد عبد الرحمن ابو بكره	محررة اليرموك	592906680	220400	3
130	حسام خليل عبد أبو سعدة	مقر الوزارة  - مشتل الشاطئ	599378211	209559	4
131	حسام راغب أحمد ابو زيد	محررة اليرموك	599384642	220416	3
132	حسام عثمان حسن الخطيب	مقر الوزارة  - مشتل الشاطئ	595500634	39586	19
133	حسام عطية البراوي الفالوجي	مقر الوزارة  - مشتل الشاطئ	599629028	207007	4
134	حسام محمد سليمان عمارة	مقر الوزارة  - مشتل الشاطئ	599947101	209271	5
135	حسام محمد صالح القصاص	محررة اليرموك	599926731	220413	3
136	حسام محمود علي القصاص	محررة حطين	599926731	220207	3
137	حسام مرتجى يوسف مرتجى	مقر الوزارة  - مشتل الشاطئ	597377065	217220	16
138	حسام يحيى حسن زنون	مقر الوزارة  - مشتل الشاطئ	597075252	228470	11
139	حسان حسين حسان دراوشه	مقر 3	599196772	220409	3
140	حسان عمر حسان عودة	مجمع ابو خضرة الحكومي	592045500	227020	6
141	حسن دياب عبد الوهاب النجار	معبر كرم ابو سالم	599901199	221426	1
142	حسن عبد الدايم حسين الشاعر	محررة عين جالوت	598031455	220442	3
143	حسن محمد حسن  عزام	مقر الوزارة  - مشتل الشاطئ	599881573	48331	7
144	حسن محمد حسن أبو جزر	مديرية زراعة رفح	594482208	220988	2
145	حسين أيسر حسين صيام	مقر الوزارة  - مشتل الشاطئ	599160414	230691	12
146	حسين سليمان نمر الوديدي	محررة ذات الصواري	599026081	220420	3
147	حسين هاني حسين الخطيب	مقر الوزارة  - مشتل الشاطئ	599684593	227053	6
148	حماد حميدان حماد أبو سويرح	محطة تجارب الوسطى	599016321	220419	2
149	حمادة معين محمود أبو القمبز	مجمع ابو خضرة الحكومي	599806442	212742	6
150	حماده زياد عيد عابدين	محررة عين جالوت	599013549	220414	3
151	حمد عبد الحميد محمد الاغا	مقر الوزارة  - مشتل الشاطئ	592377888	221427	4
152	حمد يحيى حمد المصري	محررة اليرموك	592815061	220444	3
153	حمدي خميس محمد عابدين	محررة اليرموك	598680763	220474	3
154	خالد جميل مسمح مسمح	المتحف البحري	598680855	221399	2
155	خالد حسن حسن فياض	معبر بيت حانون	599883574	209560	1
156	خالد خضر محمد التلاوي	مديرية زراعة خانيونس	599178252	210233	6
157	خالد خليل حسن الشاعر	الابار - بئر 21	598992049	220425	3
158	خالد رجب محمد العيلة	مقر الوزارة  - مشتل الشاطئ	599470488	210177	19
159	خالد صبحي أحمد الشاعر	محطة تجارب رفح	599178094	220399	2
160	خالد عبد ربه موسى زعرب	محررة ذات الصواري	599555261	222265	3
161	خالد عبد محمد النجار	محررة ذات الصواري	599264824	220404	3
162	خالد عليان حسن عرفات	محررة تل الجنان (1)	599822556	220185	3
163	خالد محمد عايش الأسطل	محررة تل الجنان (2)	599157917	221358	3
164	خالد محمد عبد جرغون	مقر الوزارة  - مشتل الشاطئ	599143569	210173	2
165	خالد محمود خليل ابو عرب	مشتل خانيونس	598373647	221344	4
166	خالد مصطفى حسن العقاد	مديرية زراعة رفح	599184236	210027	6
167	خالد مصطفي علي عبد العال	مقر الوزارة  - مشتل الشاطئ	599874874	211472	2
168	خليل ابراهيم خليل علوان	معبر كرم ابو سالم	592700389	210042	1
169	خليل راتب خليل ابو سمرة	مقر الوزارة  - مشتل الشاطئ	599684301	217408	2
170	خميس فؤاد خميس قديح	المحجر البيطري - خانيونس	597793368	221380	7
171	درويش أحمد درويش الشاعر	الابار - بئر 21	599540835	220475	3
172	رامز عبد الرحيم محمد عواد	الابار - بئر 16	599011803	220381	3
173	رامي زياد حسين كساب	مقر الوزارة  - مشتل الشاطئ	599343854	209383	6
174	رامي سالم عبد الكريم أبو عبيدة	مديرية زراعة خانيونس	599013469	210225	6
175	رامي ضرار حسن النخال	مقر الوزارة  - مشتل الشاطئ	599530509	209278	16
176	رامي عبد الحكيم سليمان الأسطل	محررة حطين	598885476	220199	3
177	رامي عبد الكريم أحمد الاسطل	محررة عين جالوت	592906682	220163	3
178	رامي محمد أحمد شعت	مديرية زراعة الوسطى	595085095	222289	7
179	رامي محمد منذر جمال البكري	مقر الوزارة  - مشتل الشاطئ	599497094	212689	2
180	رامي محمد موسي ابو نصيرة	مقر الوزارة  - مشتل الشاطئ	597061938	227052	6
181	رائد ابراهيم محمد الصوالحي	مقر الوزارة  - مشتل الشاطئ	599993517	210040	8
182	رائد سعيد عبدالفتاح حمدونة	مقر الوزارة  - مشتل الشاطئ	595668166	222180	17
183	رائد عبد الفتاح ابراهيم أبو زعيتر	مديرية زراعة شمال غزة	599310149	209379	6
184	رائد عبد الفتاح اسماعيل الكفراوي	معبر كرم ابو سالم	599898229	210037	1
185	رائد عوض صابر زعرب	الابار - بئر 17	599225363	220532	3
186	رائد فؤاد هليل ضهير	مقر الوزارة  - مشتل الشاطئ	599166248	230898	1
187	رائف سلمان عوض الله أبو شاب	مديرية زراعة خانيونس	598925056	38079	6
188	ربا محمد ابراهيم أبو حطب	مقر الوزارة  - مشتل الشاطئ	592741491	210165	19
189	ربيع أحمد ربيع عوض	مقر الوزارة  - مشتل الشاطئ	592898967	216262	19
190	رشيد خالد رشيد الاسطل	الاستزراع السمكي - خانيونس	599626654	220968	9
191	رضوان رجب ملاحي الاغا	محررة تل الجنان (1)	599028861	220388	3
192	رغدة سمير فايق الترك	مقر الوزارة  - مشتل الشاطئ	597235958	231054	6
193	رمزي عبد الكريم مصطفى الاسطل	محررة تل الجنان (1)	598914206	220380	3
194	رمزي فتحي محمد أبو لبدة	الاستزراع السمكي - خانيونس	595667320	209197	9
195	رندة يوسف خالد قزعاط	مقر الوزارة  - مشتل الشاطئ	597234086	227201	16
196	روان أكرم سلامة المصري	مقر الوزارة  - مشتل الشاطئ	597366348	231055	2
197	روان محمد محمود فياض	مقر الوزارة  - مشتل الشاطئ	597211302	231975	19
198	ريم رفيق محمد ماصة	مقر الوزارة  - مشتل الشاطئ	599895235	207008	16
199	ريهام عزمي محمد المدهون	مقر الوزارة  - مشتل الشاطئ	599903060	227068	1
200	زاهر جمال محمد الجدبة	مشتل الشاطئ	597111763	212118	4
201	زايد محمود زايد مقلد	محررة اليرموك	599179843	220382	3
202	زهير أحمد  محمد العفيفي	مقر الوزارة  - مشتل الشاطئ	599407209	47643	2
203	زياد جاسر جبر حسنين	محررة اليرموك	592273995	220462	3
204	زياد عبد ربه سالم ابو منديل	محررة حطين	599196742	220379	3
205	زياد فريج محمد ابو معروف	مشتل خانيونس	595826349	220367	4
206	زياد محمود محمد عبد الرازق	مقر الوزارة  - مشتل الشاطئ	598292586	228683	2
207	زيدان سليمان زياده الملالحه	محطة تجارب خانيونس	598194550	220378	2
208	سامح أحمد رزق قديح	محررة حطين	599052681	220180	3
209	سامي حمد مرزق ابو بكرة	مديرية زراعة الوسطى	595667554	221351	2
210	سامي سالم سليم النخالة	مقر الوزارة  - مشتل الشاطئ	598936641	43924	14
211	سامي شحده رزق زعرب	المحجر البيطري - خانيونس	598279887	220454	7
212	سجود فايز يوسف الجزار	مقر الوزارة  - مشتل الشاطئ	597114148	227172	16
213	سحر خضر حسن السري	9	592672026	230260	9
214	سعد سليمان حسن الحاج	مقر الوزارة  - مشتل الشاطئ	592253424	226976	16
215	سعد عبد الكريم عميرة أبو ستة	مديرية زراعة الوسطى	599543689	210231	7
216	سعيد صابر سليم زعرب	الابار - بئر 23	598290704	220490	3
217	سلمان موسى حسن أبو خوصة	محطة تجارب بيت لاهيا	598683178	210163	4
218	سليمان ابراهيم عبد الله أبو مصطفى	مديرية زراعة خانيونس	599620179	210229	7
219	سليمان خالد موسى الاسطل	محررة تل الجنان (2)	599269010	220428	3
220	سليمان عطا  حمدان الغلبان	مقر الوزارة  - مشتل الشاطئ	599440431	210232	2
221	سليمان علي عودة الأسطل	محررة تل الجنان (2)	599574776	220176	3
222	سليمان عيسى حمد ابو جزر	الابار - بئر 18	599207809	220204	3
223	سليمان محمد سلمان أبو حمد	معبر كرم ابو سالم	598679646	209553	1
224	سليمان محمد سليمان الاسطل	محررة اليرموك	599946529	220430	3
225	سليمان مصطفى سليمان زعرب	الابار - بئر 22	595256227	220426	3
226	سمر أحمد حسين ابو صفية	مقر الوزارة  - مشتل الشاطئ	592131913	227067	6
227	سميح ماجد محمد عوض الله	9	598176717	231141	9
228	سمير حمدي كامل الآغا	مديرية زراعة الوسطى	599243448	210238	1
229	سمير فتحي  محمد أبو غليون	مقر الوزارة  - مشتل الشاطئ	592888580	210226	7
230	سناء محمد أحمد مقبل	مقر الوزارة  - مشتل الشاطئ	592114379	231201	5
231	سها مصطفى أحمد ابو عطوان	مديرية زراعة خانيونس	599978818	209273	7
232	سهيل فضل ابراهيم نعيم	مقر الوزارة  - مشتل الشاطئ	599528075	209382	6
233	سهيل مجدي محمود فروانة	محررة ذات الصواري	595910698	220432	3
234	سوزان جمال عبد الحميد الفراني	مقر الوزارة  - مشتل الشاطئ	599688536	227209	19
235	شادي أحمد نسيم اسماعيل فرحات	مديرية زراعة الوسطى	598707435	230897	7
236	شادي عيد عودة سعدات	9	599464490	209269	10
237	شادي محمد صالح الشريف	مقر الوزارة  - مشتل الشاطئ	595224040	228472	11
238	شاهر ديب حسين الريفي	مقر الوزارة  - مشتل الشاطئ	595977044	209370	4
239	شحادة شحده محمود زعرب	محررة اليرموك	567671442	220473	3
240	شريف فرحان مرزوق الشاعر	مشتل خانيونس	598884619	209381	4
241	شكري مصباح شعبان النجار	مقر الوزارة  - مشتل الشاطئ	598914218	206323	8
242	صالح أحمد صالح العدلوني	مقر الوزارة  - مشتل الشاطئ	597726178	220441	2
243	صالح سالم داود فروانة	محررة اليرموك	599574580	220481	3
244	صالح محمود صالح حمد	مديرية زراعة شمال غزة	595453019	227211	6
245	صبحي توفيق إبراهيم جاب الله	مديرية زراعة شمال غزة	599698126	38919	6
246	ضياء نافذ خليل أبو مطلق	مديرية زراعة خانيونس	592408208	228447	6
247	طارق محمد محمود أبو صبحة	مديرية زراعة الوسطى	599410494	209551	1
248	طلعت عثمان مسعود العبادله	محررة تل الجنان (1)	599928153	220436	3
249	عادل خليل ياسين العقاد	محررة تل الجنان (1)	599536163	220187	3
250	عادل سليمان حمدان زقماط	المحجر البيطري - خانيونس	598685906	221044	7
251	عادل عيد أحمد ابو النجا	مقر 3	592219476	210234	3
252	عاطف حجازي سعد الترابين	محطة تجارب الوسطى	599979982	221763	4
253	عاطف شريف محمود زعرب	محررة ذات الصواري	592248306	220315	3
254	عامر سليم محمود ابو حليب	محررة ذات الصواري	598831154	220356	3
255	عامر فتحي سالم أبو لحية	مديرية زراعة خانيونس	599803443	207006	7
256	عايش يوسف عايش الشنطي	مقر الوزارة  - مشتل الشاطئ	599979430	224054	6
257	عبد الخالق عطية عوض جرادة	مقر الوزارة  - مشتل الشاطئ	595024646	28025	7
258	عبد الرحمن جمال توفيق قنن	مقر الوزارة  - مشتل الشاطئ	598280032	226977	6
259	عبد الرحمن حسين سليمان النجار	مشتل خانيونس	599930348	220345	4
260	عبد الرؤوف موسي ناصر الأطرش	مقر الوزارة  - مشتل الشاطئ	597728273	231777	19
261	عبد الشافي خميس سليم أبو صافي	محررة تل الجنان (2)	599571583	220314	3
262	عبد القادر جهاد عبد القادر نصار	مقر الوزارة  - مشتل الشاطئ	598733858	230887	7
263	عبد القادر فتحي عبد القادر الفيري	مقر الوزارة  - مشتل الشاطئ	599883393	228293	2
264	عبد الكريم زياد داود فروانة	معبر كرم ابو سالم	599686460	221390	1
265	عبد الكريم يوسف سالم حرز الله	محررة تل الجنان (2)	597188652	220156	3
266	عبد الله خميس سليم ابو صافي	محررة اليرموك	599061968	220310	3
267	عبد الله رجب حويطي النجار	محررة عين جالوت	599690689	220311	3
268	عبد الله ناصر عبد الله عوض الله	مقر الوزارة  - مشتل الشاطئ	597251551	227069	13
269	عبد الله هاشم عبد ربه السميري	مقر الوزارة  - مشتل الشاطئ	598850485	221403	2
270	عبد الناصر خليل ابراهيم طبل	مديرية زراعة خانيونس	599577301	221393	2
271	عبد الناصر عبد الله محمد المكاوي	مديرية زراعة الوسطى	599166821	212337	2
272	عبد حمدي عبد القادر الاسطل	محررة تل الجنان (2)	597196474	220491	3
273	عبد ربه نظير عبد فروانة	محررة ذات الصواري	599951859	220312	3
274	عبيد طلب عبيد ابو كميل	محررة طيبه	567181850	221768	3
275	عبيد عبد الهادي صالح الشوا	مقر الوزارة  - مشتل الشاطئ	592990858	231776	16
276	عثمان علي عودة الاسطل	محررة تل الجنان (2)	599572081	220349	3
277	عدنان حسن عبد العزيز النجار	المتحف البحري	599946490	221410	2
278	عرفة حسين علي الترك	مقر الوزارة  - مشتل الشاطئ	598936635	37823	2
279	عز الدين مروان عز الدين الشوا	مقر الوزارة  - مشتل الشاطئ	599777209	209680	13
280	عزالدين عبدالحكيم علي الاسطل	محطة تجارب خانيونس	592369521	220326	2
281	عصام سالم سليمان ابو محسن	محررة عين جالوت	592703570	220351	3
282	عصام محمد عبد الله ابو عبيده	محررة اليرموك	599190609	220193	3
283	عصام مرزوق محمود الشاعر	محررة عين جالوت	599952506	220383	3
284	عطا سلمي سليمان اللحام	مشتل خانيونس	599238892	220211	4
285	عطيه محمد عطيه ابو خماش	محررة تل الجنان (2)	597329443	220186	3
286	علاء الدين محمد حسن  سلمي	مقر الوزارة  - مشتل الشاطئ	592145382	205358	2
287	علاء أسامة نايف شبير	معبر رفح التجاري	598936631	210014	1
288	علاء أسعد عبد الرحمن ابوالريش	محررة اليرموك	598190667	220496	3
289	علاء محمد عيد عبد الرحمن العطار	مقر الوزارة  - مشتل الشاطئ	597444023	228145	2
290	علاء محمد مصطفي ابو عاصي	مقر الوزارة  - مشتل الشاطئ	599568745	228142	2
291	علاء نصر الله عبد الحافظ الفرا	9	598286919	210020	9
292	علام سلامة حافظ الآغا	مقر الوزارة  - مشتل الشاطئ	597900200	209059	18
293	علي خليل سلمان النجار	مقر الوزارة  - مشتل الشاطئ	599924252	210032	14
294	علي عبد الشكور محمد فروانة	محررة تل الجنان (2)	599909693	220319	3
295	علي محمد محمود عدوان	مقر الوزارة  - مشتل الشاطئ	599552557	37604	4
296	عماد زهير حسن القصاص	محررة اليرموك	599180320	220195	3
297	عماد سلمان محمد العويطي	مقر الوزارة  - مشتل الشاطئ	595977011	210021	2
298	عمار يحيى حامد فروانة	مشتل خانيونس	599218763	210011	4
299	عمر جميل حسن الزعانين	مقر الوزارة  - مشتل الشاطئ	597736778	232720	6
300	عمر طلال عبد الرحمن النجار	محررة تل الجنان (2)	599440150	221370	3
301	عمر عطا علي الزعلان	مجمع ابو خضرة الحكومي	594266532	37788	6
302	عمر علي حسين عاشور	مقر الوزارة  - مشتل الشاطئ	598681715	227213	11
303	عمر محمد حسن الهمص	مديرية زراعة رفح	594080047	207337	6
304	عمر مصطفى علي العبادله	محررة تل الجنان (1)	599647915	220334	3
305	عمر نبيل عمر العاصي	مقر الوزارة  - مشتل الشاطئ	592233812	221385	2
306	عمرو ماجد علي الربعى	مقر الوزارة  - مشتل الشاطئ	598707550	231769	16
307	عودة عطوه عبد ربه ابو شباب	محررة ذات الصواري	599422826	220328	3
308	عودة عليان عودة الخضري	مقر الوزارة  - مشتل الشاطئ	597437777	231056	12
309	عيد جمعة مسلم الحشاش	مديرية زراعة رفح	592396409	227016	6
310	غسان جهاد يوسف عبدو	مديرية زراعة رفح	597817359	227038	6
311	غسان عبد حمد العبادلة	مقر الوزارة  - مشتل الشاطئ	598991340	210030	6
312	غسان موسى دياب الاغا	الابار - بئر 23	599213781	220340	3
313	فادي صالح محمد الأسطل	محطة معالجة خانيونس	599213824	220365	2
314	فادي مزيد حمدي الاغا	المحجر البيطري - خانيونس	599015766	220363	3
315	فارس سلمان حمد أبو بكره	مديرية زراعة الوسطى	599917582	221412	2
316	فايز سليمان عياد البحابصه	محررة اليرموك	599985230	220362	3
317	فايز يوسف أحمد الأسطل	مديرية زراعة الوسطى	599900077	206492	7
318	فريد محمد محمود زعرب	مشتل خانيونس	599026479	221416	4
319	فضل عبد الجواد موسى الجدبة	مجمع ابو خضرة الحكومي	599422175	209376	6
320	فضل مصطفى محمد الهسي	مقر الوزارة  - مشتل الشاطئ	598936636	207004	2
321	فواز عبد العزيز محمود الخطيب	مقر 3	599804552	210237	3
322	فؤاد رواي علي الاغا	محررة تل الجنان (1)	567512050	220386	3
323	فؤاد عبد محمد النجار	محررة عين جالوت	599577287	220384	3
324	قاسم مصطفي قاسم الاسطل	محررة تل الجنان (2)	598914203	220353	3
325	قصي محمد حماد الاسطل	مشتل خانيونس	598289134	220364	4
326	كريمة خليل سليمان سلمان التتر	مديرية زراعة شمال غزة	599425854	205367	7
327	كمال خالد صالح الشوربجي	مديرية زراعة رفح	599922657	221409	2
328	كمال مازن عبد الفتاح الصوص	مقر الوزارة  - مشتل الشاطئ	567664410	231069	11
329	كمال محمد حسين الاسطل	محررة حطين	598696966	220439	3
330	كنعان حمدي محمد  عبد الاله	مديرية زراعة خانيونس	567016407	37605	6
331	لؤي رجب محمد رجب	مقر الوزارة  - مشتل الشاطئ	599751553	210164	15
332	ليلي رباح نمر الخطيب	مقر الوزارة  - مشتل الشاطئ	597243208	227740	16
333	لينا محمد علي راغب الشرفا	مقر الوزارة  - مشتل الشاطئ	599743608	227840	16
334	ماجد علي أحمد  الأسطل	مديرية زراعة الوسطى	592109657	206494	10
335	ماجد محمد أسعد الأسود	مقر الوزارة  - مشتل الشاطئ	599861184	210168	2
336	ماجد محمود محمد أبو حليمة	مشتل السد الاخضر	592712068	228540	4
337	مازن عبد الفتاح شعبان النمرة	مقر الوزارة  - مشتل الشاطئ	597726968	27714	2
338	مازن محمد بكير الاسطل	محطة معالجة خانيونس	595240210	220166	2
339	ماهر ابراهيم سلامه ابو عويض	محررة طيبه	599146793	221343	3
340	ماهر حسن محمد الجمل	مقر الوزارة  - مشتل الشاطئ	592116236	228822	13
341	ماهر عبد الكريم عبد القادر أبو سمك	مديرية زراعة رفح	599364271	210228	7
342	محروس موسى أحمد الاغا	مديرية زراعة الوسطى	595258259	220234	2
343	محسن أحمد محسن ابومعمر	محررة اليرموك	598259028	220268	3
344	محمد ابراهيم محمد أبو عودة	مقر الوزارة  - مشتل الشاطئ	599371647	209203	6
345	محمد ابراهيم محمد وشح	مقر الوزارة  - مشتل الشاطئ	597822075	212121	2
346	محمد اسماعيل أحمد الأسطل	مقر الوزارة  - مشتل الشاطئ	592311766	221388	2
347	محمد امين صالح الأسطل	محطة تجارب الوسطى	595300651	221407	2
348	محمد أحمد اسماعيل الاسطل	محررة تل الجنان (1)	599194428	221050	3
349	محمد أحمد صالح صيام	مقر الوزارة  - مشتل الشاطئ	599188092	227001	19
350	محمد أحمد عادل حموده	مديرية زراعة شمال غزة	599196539	230233	6
351	محمد أحمد عبد النجار	مقر الوزارة  - مشتل الشاطئ	594463100	210178	2
352	محمد أحمد غالي ابو الخير	مقر الوزارة  - مشتل الشاطئ	597842847	206344	2
353	محمد أمجد فالوجي أحمد الاغا	مقر الوزارة  - مشتل الشاطئ	599718119	207338	4
354	محمد بكر محمد عيسى	محررة ذات الصواري	599928447	220247	3
355	محمد جمال علي الشاعر	مقر 3	598866319	221639	3
356	محمد جمال يوسف الددح	مقر الوزارة  - مشتل الشاطئ	599095605	231112	5
357	محمد جهاد يوسف العرجا	مديرية زراعة رفح	599093862	210172	2
358	محمد جواد رشاد شنيورة	مقر الوزارة  - مشتل الشاطئ	595262124	227073	6
359	محمد حسن عارف عزام	مشتل الشاطئ	599793730	26736	4
360	محمد حسن عبد الله الهليس	مقر الوزارة  - مشتل الشاطئ	595663228	228672	7
361	محمد حسن علي أبو عيطة	مقر الوزارة  - مشتل الشاطئ	597773089	216817	15
362	محمد حسن محمد لبد	مقر الوزارة  - مشتل الشاطئ	599244292	230232	5
363	محمد حسن يحيى أبو عاصي	مجمع ابو خضرة الحكومي	599710794	209390	6
364	محمد حسين عبد الحميد مطر	9	595640392	228426	9
365	محمد حسين عبد الله ابوخديجة	محررة عين جالوت	599919220	220235	3
366	محمد خالد محمد رضوان	مديرية زراعة الوسطى	599624026	210033	6
367	محمد خليل عمر البلعاوي	مقر الوزارة  - مشتل الشاطئ	597801733	232126	11
368	محمد درويش درويش الملالحه	محررة عين جالوت	599528324	220230	3
369	محمد دياب جابر سالم	مجمع ابو خضرة الحكومي	597569262	226958	6
370	محمد رامز جميل عواد	مقر الوزارة  - مشتل الشاطئ	597465623	231778	19
371	محمد رجب محمد الغمري	محررة اليرموك	597327044	220976	3
372	محمد رفيق علي قنديل	مقر الوزارة  - مشتل الشاطئ	595050605	226920	6
373	محمد زكي عبد الله البيوك	معبر كرم ابو سالم	598707787	220232	1
374	محمد زهير عبد أبو عصر	مقر الوزارة  - مشتل الشاطئ	598890509	209268	1
375	محمد زياد عاشور وادي	مقر 3	597835215	210010	3
376	محمد سالم حمدان الشاعر	مقر الوزارة  - مشتل الشاطئ	595223348	207891	4
377	محمد سالم سلمان قديح	مديرية زراعة رفح	599570407	217118	7
378	محمد سالم عادل اللولو	مقر الوزارة  - مشتل الشاطئ	599189322	204759	19
379	محمد سالم محمود أحمد	مقر الوزارة  - مشتل الشاطئ	567228789	204783	20
380	محمد سرحان سليمان مقلد	الابار - بئر 16	599158277	220244	3
381	محمد سعد حمد النجار	مديرية زراعة الوسطى	598936633	207346	10
382	محمد سليمان شتيوي الضوابحة	مقر الوزارة  - مشتل الشاطئ	597742884	38721	1
383	محمد سمير عيسى الفالوجي	محررة ذات الصواري	592238733	220241	3
384	محمد سيد محمد نسمان	9	599635509	206993	9
385	محمد شحده محمد المزين	مقر الوزارة  - مشتل الشاطئ	567164645	209367	4
386	محمد صالح رجب بخيت	مقر الوزارة  - مشتل الشاطئ	599522200	212119	2
387	محمد صالح سليمان العقاد	محررة تل الجنان (1)	599596233	220227	3
388	محمد صبحي محمد الأسطل	مقر 3	599470080	221334	3
389	محمد صبري شحده سمور	محررة حطين	599926773	220476	3
390	محمد صبري علي قاسم	مديرية زراعة شمال غزة	595919322	227511	6
391	محمد صقر عبد المعطي عابد	معبر كرم ابو سالم	595025002	227015	1
392	محمد صلاح سليمان الاغا	مقر 3	598877300	210018	3
393	محمد صلاح عبد الرؤوف عبد الغفور	مقر الوزارة  - مشتل الشاطئ	599669523	221395	2
394	محمد عادل يحيى القصاص	محررة عين جالوت	599929015	220170	3
395	محمد عايش درويش الشاعر	مقر 3	598457902	220160	3
396	محمد عبد الحميد حسن الشاعر	محطة تجارب خانيونس	599537198	220242	2
397	محمد عبد الحميد عبد الكريم النجار	مقر الوزارة  - مشتل الشاطئ	592396653	222350	4
398	محمد عبد الحميد محمود النجار	محطة تجارب خانيونس	599684583	220279	4
399	محمد عبد الرحمن حماد العرجا	مقر 3	599690024	209368	3
400	محمد عبد السلام مصباح قاسم	مديرية زراعة شمال غزة	595210987	230899	7
401	محمد عبد القادر أحمد الأسطل	محطة تجارب خانيونس	595936371	221387	4
402	محمد عبد القادر علي أبو هدروس	مقر الوزارة  - مشتل الشاطئ	595937250	206898	2
403	محمد عبد الله اسماعيل الهباش	مقر 3	599268817	228406	3
404	محمد عبد المجيد محمد العصار	مقر الوزارة  - مشتل الشاطئ	594040350	210017	13
405	محمد عبد ربه سالم ابو منديل	محررة حطين	599196820	220165	3
406	محمد علي العبد المقيد	مديرية زراعة الوسطى	592770105	209385	6
407	محمد علي عوض الزرقا	مقر الوزارة  - مشتل الشاطئ	598828758	212120	2
408	محمد علي محمد الاسطل	محطة تجارب خانيونس	592873581	221047	4
409	محمد عليان يوسف  أبو طير	9	599412171	39733	9
410	محمد عمر أحمد الأسطل	محررة تل الجنان (2)	599691548	220190	3
411	محمد عوني حمدان الاغا	مقر الوزارة  - مشتل الشاطئ	599576123	210015	2
412	محمد غازي رمضان الزين	مقر الوزارة  - مشتل الشاطئ	597788701	228642	2
413	محمد فضل محمد الفرا	مقر الوزارة  - مشتل الشاطئ	592813182	226972	13
414	محمد فلاح حمادة الترك	مقر الوزارة  - مشتل الشاطئ	599055401	223636	6
415	محمد فوزي محمد عابدين	مشتل خانيونس	599686754	220168	4
416	محمد فؤاد أحمد السبع	مديرية زراعة رفح	599565602	215918	7
417	محمد ماجد محمد الخولي	مقر الوزارة  - مشتل الشاطئ	599335424	220131	2
418	محمد ماجد موسى خفاجة	مديرية زراعة خانيونس	598556102	230900	7
419	محمد مازن محمد بخيت	مديرية زراعة الوسطى	595594194	227080	10
420	محمد محمد محمد الخطيب	مقر الوزارة  - مشتل الشاطئ	592661963	220270	2
421	محمد محمود حسن أبو عودة	مقر الوزارة  - مشتل الشاطئ	592770101	210026	8
422	محمد محمود عبد القادر سمور	مقر الوزارة  - مشتل الشاطئ	599734736	209365	6
423	محمد محمود محسن معمر	مقر الوزارة  - مشتل الشاطئ	599422693	210028	2
424	محمد محمود محمد الناقة	مقر الوزارة  - مشتل الشاطئ	599770339	209198	8
425	محمد محمود محمد النجار	محررة اليرموك	599538563	220173	3
426	محمد مروان أحمد الأسطل	مديرية زراعة خانيونس	597155239	221394	2
427	محمد مسلم علي السميري	محررة حطين	598287693	220468	3
428	محمد مصباح أحمد العبادسة	مقر الوزارة  - مشتل الشاطئ	592705886	201475	16
429	محمد موسى عودة ابو مور	محررة ذات الصواري	599148261	220226	3
430	محمد موسى محمد الأسطل	محررة حطين	599564315	220258	3
431	محمد ناهض محمد الترتوري	مديرية زراعة الوسطى	599492305	227017	10
432	محمد نعيم رمضان زعرب	محطة تجارب خانيونس	597728818	221397	2
433	محمد هاني جبر القططي	مقر الوزارة  - مشتل الشاطئ	599630632	223539	19
434	محمد همام سليم شراب	مقر الوزارة  - مشتل الشاطئ	599715005	229835	16
435	محمود جبر حمدان الاغا	المحجر البيطري - خانيونس	599471572	220973	3
436	محمود حسن هاشم أبو ندي	مديرية زراعة شمال غزة	597104307	227019	7
437	محمود حسني محمد العمصي	مديرية زراعة الوسطى	595478899	226971	6
438	محمود حسين شاهين أبو عجوة	مديرية زراعة شمال غزة	599448036	228146	7
439	محمود حسين محمد الشاعر	محررة اليرموك	599157399	220252	3
440	محمود سليمان محمد الاغا	محررة ذات الصواري	599452553	220237	3
441	محمود طلب عبيد ابو كميل	محررة طيبه	568914213	221627	3
442	محمود فلاح عبد القادر يونس	مقر الوزارة  - مشتل الشاطئ	597466927	209060	14
443	محمود مصباح محمودالرياطي	مديرية زراعة رفح	599243881	226974	6
444	محمود نائل محمود كرون	مقر الوزارة  - مشتل الشاطئ	595631935	231103	19
445	محمود يوسف محمود ابو سويلم	محررة اليرموك	599924285	222264	3
446	مدحت خليل عبد القادر  أبو ليلة	مقر الوزارة  - مشتل الشاطئ	599465585	207010	2
447	مرتضى محمد خليل سلمان	مديرية زراعة الوسطى	598511211	227229	6
448	مروان محمد حماد العقاد	محررة اليرموك	598914200	220872	3
449	مروة سليمان محمود أبو عمرة	مقر الوزارة  - مشتل الشاطئ	597227190	231109	19
450	مسعد صابر سليم زعرب	محررة عين جالوت	599213875	221337	3
451	مصباح حلمي حسن شعت	محررة ذات الصواري	599215601	220249	3
452	مصطفى اجريو احميد زعرب	مشتل خانيونس	599191081	221080	4
453	مصطفى محمد حسن الدسوقي	مديرية زراعة الوسطى	592521503	221431	2
454	مصلح عبد الرحمن حمدان النجار	محررة عين جالوت	599621473	220259	3
455	مصلح عبد الفتاح مرزوق زعرب	محررة اليرموك	599562995	220228	3
456	مصلح محمد خير سعيد الزين	مشتل الشاطئ	599617713	228308	4
457	مطيع أحمد محمد أحمد	مقر الوزارة  - مشتل الشاطئ	599086613	220273	2
458	معتز امين محمد الاغا	مقر 3	599567640	210019	3
459	معتز تيسير محمد معروف	مقر الوزارة  - مشتل الشاطئ	595709007	224236	11
460	معتصم عدنان علي قدورة	مقر الوزارة  - مشتل الشاطئ	597987329	227047	7
461	معيد حمدى ملاحي الاغا	مقر الوزارة  - مشتل الشاطئ	599400617	25153	6
462	معيوف عرسان حسين دراوشة	مديرية زراعة الوسطى	592770140	221740	2
463	منال مصلح محمود صبح	مقر الوزارة  - مشتل الشاطئ	599873947	209387	16
464	منصور حسين عثمان ابو كويك	مقر الوزارة  - مشتل الشاطئ	593440323	207350	19
465	منير صلاح محمود ابو صالح	مديرية زراعة خانيونس	597568889	209558	6
466	مها وائل رأفت أبو شعبان	مقر الوزارة  - مشتل الشاطئ	599061285	222110	19
467	مهند أكرم حسن نجم	مقر الوزارة  - مشتل الشاطئ	595409309	230660	5
468	مهند عبد الفتاح ابراهيم الكسيح	مقر الوزارة  - مشتل الشاطئ	599537200	228302	12
469	مودة زهير محمد المسحال	مقر الوزارة  - مشتل الشاطئ	592876797	232438	11
470	موسى سليمان محسن ابو معمر	مقر الوزارة  - مشتل الشاطئ	595687291	219111	2
471	موسى عبد الحميد محمد ضهير	مديرية زراعة رفح	598144951	221415	6
472	موسى محمد عبد الرازق الأسطل	مقر الوزارة  - مشتل الشاطئ	598850234	210013	2
473	موسى يوسف عبد الله الجدبة	مقر الوزارة  - مشتل الشاطئ	599775312	231145	19
474	ميسون علي حرب عصفورة	مديرية زراعة شمال غزة	599435919	227210	4
475	نادية صبحي عبد الله السقا	مقر الوزارة  - مشتل الشاطئ	599246437	46123	16
476	ناظم خميس خليل شعت	محررة عين جالوت	599639525	220342	3
477	نافذ زايد عودة سمور	محطة تجارب خانيونس	599741724	220333	4
478	نافذ صالح حسين العرجا	مديرية زراعة رفح	599638427	210227	7
479	نافذ يوسف حمد ابو لبده	محررة حطين	598602049	220461	3
480	نانيس سليم محمد الفرا	مديرية زراعة خانيونس	597466923	209272	7
481	نايف صالح نايف زعرب	مقر الوزارة  - مشتل الشاطئ	592770151	221422	2
482	نائل سليم نايف السعدي	مديرية زراعة شمال غزة	599184479	217129	7
483	نبيل أحمد محمد أبو حطب	مقر الوزارة  - مشتل الشاطئ	599361320	21831	2
484	نبيل جراد محمد الفرا	محررة عين جالوت	599397589	220212	3
485	نبيل عباس سليمان عواد	مديرية زراعة خانيونس	599746951	210242	7
486	نضال عبد الجواد محمد الاسطل	محررة تل الجنان (1)	592237798	220350	3
487	نضال محمد عبد الله الكفارنة	محطة تجارب بيت حانون	599680212	209377	4
488	نضال نصرالله يوسف زعرب	محررة اليرموك	599909825	220346	3
489	نور الهدى إسماعيل شعبان يوسف	مقر الوزارة  - مشتل الشاطئ	595648549	227833	5
490	هاشم غسان فتحي الفيري	مقر الوزارة  - مشتل الشاطئ	598382479	228336	2
491	هاني عبد الله أحمد ابو سته	محررة عين جالوت	599637932	221377	3
492	هاني محمد حامد صادق	محررة حطين	598824164	220406	3
493	هبة نعيم أحمد ابو حطب	مقر الوزارة  - مشتل الشاطئ	597199915	222665	17
494	هدى حسين هاشم أبو ندى	مقر الوزارة  - مشتل الشاطئ	598683071	217257	4
495	هدي محمود أحمد ابو صقر	مقر الوزارة  - مشتل الشاطئ	599345016	227199	16
496	هشام حرب حسن كوارع	المتحف البحري	599908399	221430	2
497	هشام عزمي مصطفى مطر	مقر الوزارة  - مشتل الشاطئ	599256492	13437	21
498	هشام عودة طاهر الاسطل	محررة تل الجنان (1)	599186641	220498	3
499	هشام عوض أحمد أبو عابد	مقر الوزارة  - مشتل الشاطئ	592423507	210045	19
500	هلا عبد الله رجب السراج	مقر الوزارة  - مشتل الشاطئ	599495815	224234	17
501	همام جبر السيد أبو لبدة	معبر كرم ابو سالم	592614024	226970	1
502	هند نبيل صلاح الصواف	مقر الوزارة  - مشتل الشاطئ	597245472	227203	16
503	وائل بدر مصطفى البربار	مقر الوزارة  - مشتل الشاطئ	599484409	227645	7
504	وائل صباح سعود  ثابت	مقر الوزارة  - مشتل الشاطئ	595334934	37802	6
505	وائل صبري شحده سمور	محررة حطين	599885193	220202	3
506	وائل عيسى حسين وافي	مديرية زراعة خانيونس	599731617	211905	6
507	وائل محمد محمود نبهان	مقر الوزارة  - مشتل الشاطئ	599898259	210511	2
508	وجدي زياد محمد أبو بكر	معبر كرم ابو سالم	599204831	221432	1
509	وجدي محمود محمد ساق الله	9	599057733	231140	9
510	وسام نوح عيد أبو العمرين	مقر الوزارة  - مشتل الشاطئ	599692560	204779	1
511	وسيم خليل محمد طبش	محطة تجارب خانيونس	592527617	210041	4
512	وفاء يوسف حسين غبن	مقر الوزارة  - مشتل الشاطئ	599810239	228614	16
513	ولاء خالد توفيق أبو حسنين	مقر الوزارة  - مشتل الشاطئ	597234932	232422	11
514	وليد رزق سليمان زعرب	مقر الوزارة  - مشتل الشاطئ	592770143	221379	2
515	وليد محمد جمعه أبو بكره	مديرية زراعة الوسطى	592704583	221400	2
516	وليد منصور حمدان سليم	محررة ذات الصواري	599539238	221094	3
517	وليد موسى  محمد ثابت	9	593440149	28192	9
518	ياسر أحمد مرزوق ابو سمور	المحجر البيطري - خانيونس	597069949	220157	3
519	ياسر عبد ربه عبد الرحمن ابو بكره	مقر 3	598914214	220747	3
520	ياسين محمد مصطفى  الأسطل	مقر الوزارة  - مشتل الشاطئ	599567480	206495	15
521	يانس جميل عبد الرزاق كلاب	مديرية زراعة خانيونس	599454641	226973	6
522	يحيى عبد الله عودة شبير	معبر كرم ابو سالم	599691042	209279	1
523	يزن جميل عبد الرازق كلاب	مقر الوزارة  - مشتل الشاطئ	599727219	209374	6
524	يعقوب بسام يعقوب الملخ	مديرية زراعة الوسطى	599268787	224391	6
525	يوسف أحمد محمد اللهواني	مقر الوزارة  - مشتل الشاطئ	595968937	232034	13
526	يوسف جابر أحمد الاسطل	محررة تل الجنان (2)	595841346	220394	3
527	يوسف سليمان سالم الحصين	محطة تجارب خانيونس	597743699	220393	4
528	يوسف صلاح بهجت عرفات	مقر الوزارة  - مشتل الشاطئ	595197151	232052	2
529	يوسف علي عودة الاسطل	محررة حطين	599143570	220371	3
530	يوسف فضل يوسف موسى	9	597863381	228867	9
531	يوسف محمد يوسف فسفوس	الابار - بئر 18	599163627	220372	3
532	يوسف محمود حسن الشاعر	محررة اليرموك	599688261	220403	3
533	يوسف محمود يوسف الجعيدي	معبر كرم ابو سالم	599918655	209392	1
534	يونس أحمد محمد الاسطل	محررة عين جالوت	598914205	221628	3
535	يونس خليل أحمد طبش	محطة تجارب الشاطئ	592579868	227071	4
536	يونس محمود ايوب الاغا	محررة اليرموك	597105616	220410	3
31	أحمد ابراهيم خليل النجار	محطة تجارب خانيونس	599561202	220304	1
\.


--
-- Data for Name: EMPDEV_maintainaces; Type: TABLE DATA; Schema: public; Owner: postgres
--

COPY public."EMPDEV_maintainaces" (id, stpes, cost, datein, dateout, "TypeBreak_id", device_id) FROM stdin;
4	ram8	100.000	2023-08-01	2023-08-12	1	5
\.


--
-- Data for Name: EMPDEV_publicad; Type: TABLE DATA; Schema: public; Owner: postgres
--

COPY public."EMPDEV_publicad" (id, name) FROM stdin;
1	الإدارة العامة للتسويق والمعابر
2	الإدارة العامة للشؤون الإدارية والمالية
3	وحدة المحررات
4	الإدارة العامة للتنمية الزراعية
5	الإدارة العامة لوقاية النبات والحجر الزراعي
6	الإدارة العامة للإرشاد وخدمات المزارعين
7	الإدارة العامة للخدمات البيطرية
8	وحدة الرقابة الداخلية والشكاوي
9	الإدارة العامة للثروة السمكية
10	الإدارة العامة للتفتيش الزراعي
11	وحدة الحاسوب وتكنولوجيا المعلومات
12	مكتب الوكيل
13	وحدة التربة والري
14	وحدة الجودة والتطوير المؤسسي
15	وحدة العلاقات العامة والإعلام
16	وحدة المختبرات
17	وحدة الشؤون القانونية
18	وحدة الأرشيف المركزي
19	الإدارة العامة للتخطيط الزراعي والمشاريع
20	مكتب الوزير
21	المستشارون
\.


--
-- Data for Name: EMPDEV_ramdevice; Type: TABLE DATA; Schema: public; Owner: postgres
--

COPY public."EMPDEV_ramdevice" (id, size, type_id) FROM stdin;
1	16	1
2	8	4
3	8	1
4	4	6
5	8	6
6	16	6
7	24	1
\.


--
-- Data for Name: EMPDEV_storgedevice; Type: TABLE DATA; Schema: public; Owner: postgres
--

COPY public."EMPDEV_storgedevice" (id, size, type_id) FROM stdin;
1	120	3
3	512	7
4	500	5
5	512	3
6	240	3
7	240	7
\.


--
-- Data for Name: EMPDEV_typebreaks; Type: TABLE DATA; Schema: public; Owner: postgres
--

COPY public."EMPDEV_typebreaks" (id, name) FROM stdin;
1	hardware
2	software
\.


--
-- Data for Name: EMPDEV_typedevice; Type: TABLE DATA; Schema: public; Owner: postgres
--

COPY public."EMPDEV_typedevice" (id, name) FROM stdin;
1	laptop
2	printer
3	desktop
4	tablet
\.


--
-- Data for Name: EMPDEV_typeramhard; Type: TABLE DATA; Schema: public; Owner: postgres
--

COPY public."EMPDEV_typeramhard" (id, type) FROM stdin;
1	DDR4
3	SSD
4	DDR5
5	HDD
6	DDR3
7	M.2
\.


--
-- Data for Name: auth_group; Type: TABLE DATA; Schema: public; Owner: postgres
--

COPY public.auth_group (id, name) FROM stdin;
\.


--
-- Data for Name: auth_group_permissions; Type: TABLE DATA; Schema: public; Owner: postgres
--

COPY public.auth_group_permissions (id, group_id, permission_id) FROM stdin;
\.


--
-- Data for Name: auth_permission; Type: TABLE DATA; Schema: public; Owner: postgres
--

COPY public.auth_permission (id, name, content_type_id, codename) FROM stdin;
1	Can add log entry	1	add_logentry
2	Can change log entry	1	change_logentry
3	Can delete log entry	1	delete_logentry
4	Can view log entry	1	view_logentry
5	Can add permission	2	add_permission
6	Can change permission	2	change_permission
7	Can delete permission	2	delete_permission
8	Can view permission	2	view_permission
9	Can add group	3	add_group
10	Can change group	3	change_group
11	Can delete group	3	delete_group
12	Can view group	3	view_group
13	Can add user	4	add_user
14	Can change user	4	change_user
15	Can delete user	4	delete_user
16	Can view user	4	view_user
17	Can add content type	5	add_contenttype
18	Can change content type	5	change_contenttype
19	Can delete content type	5	delete_contenttype
20	Can view content type	5	view_contenttype
21	Can add session	6	add_session
22	Can change session	6	change_session
23	Can delete session	6	delete_session
24	Can view session	6	view_session
25	Can add device	7	add_device
26	Can change device	7	change_device
27	Can delete device	7	delete_device
28	Can view device	7	view_device
29	Can add public ad	8	add_publicad
30	Can change public ad	8	change_publicad
31	Can delete public ad	8	delete_publicad
32	Can view public ad	8	view_publicad
33	Can add type breaks	9	add_typebreaks
34	Can change type breaks	9	change_typebreaks
35	Can delete type breaks	9	delete_typebreaks
36	Can view type breaks	9	view_typebreaks
37	Can add type device	10	add_typedevice
38	Can change type device	10	change_typedevice
39	Can delete type device	10	delete_typedevice
40	Can view type device	10	view_typedevice
41	Can add type ram hard	11	add_typeramhard
42	Can change type ram hard	11	change_typeramhard
43	Can delete type ram hard	11	delete_typeramhard
44	Can view type ram hard	11	view_typeramhard
45	Can add storge device	12	add_storgedevice
46	Can change storge device	12	change_storgedevice
47	Can delete storge device	12	delete_storgedevice
48	Can view storge device	12	view_storgedevice
49	Can add ram device	13	add_ramdevice
50	Can change ram device	13	change_ramdevice
51	Can delete ram device	13	delete_ramdevice
52	Can view ram device	13	view_ramdevice
53	Can add maintainaces	14	add_maintainaces
54	Can change maintainaces	14	change_maintainaces
55	Can delete maintainaces	14	delete_maintainaces
56	Can view maintainaces	14	view_maintainaces
57	Can add employe	15	add_employe
58	Can change employe	15	change_employe
59	Can delete employe	15	delete_employe
60	Can view employe	15	view_employe
\.


--
-- Data for Name: auth_user; Type: TABLE DATA; Schema: public; Owner: postgres
--

COPY public.auth_user (id, password, last_login, is_superuser, username, first_name, last_name, email, is_staff, is_active, date_joined) FROM stdin;
1	pbkdf2_sha256$600000$SYFFy7fRgOwpaUMF8kr2gf$Y5XTRAxlAMb51ePnUC/E2aDWXPVVmYdnJNVL+GuTqWE=	2023-08-27 13:24:00.201379+03	t	root				t	t	2023-07-30 12:25:39.134507+03
\.


--
-- Data for Name: auth_user_groups; Type: TABLE DATA; Schema: public; Owner: postgres
--

COPY public.auth_user_groups (id, user_id, group_id) FROM stdin;
\.


--
-- Data for Name: auth_user_user_permissions; Type: TABLE DATA; Schema: public; Owner: postgres
--

COPY public.auth_user_user_permissions (id, user_id, permission_id) FROM stdin;
\.


--
-- Data for Name: django_admin_log; Type: TABLE DATA; Schema: public; Owner: postgres
--

COPY public.django_admin_log (id, action_time, object_id, object_repr, action_flag, change_message, content_type_id, user_id) FROM stdin;
1	2023-07-30 12:29:15.379912+03	1	DDR4	1	[{"added": {}}]	11	1
2	2023-07-30 12:29:18.842129+03	2	DDR4	1	[{"added": {}}]	11	1
3	2023-07-30 12:29:23.567643+03	2	DDR4	3		11	1
4	2023-07-30 12:29:27.023859+03	3	SSD	1	[{"added": {}}]	11	1
5	2023-07-30 12:29:34.762929+03	1	laptop	1	[{"added": {}}]	10	1
6	2023-07-30 12:29:38.836231+03	2	printer	1	[{"added": {}}]	10	1
7	2023-07-30 12:29:42.423995+03	1	hardware	1	[{"added": {}}]	9	1
8	2023-07-30 12:29:45.537514+03	2	software	1	[{"added": {}}]	9	1
9	2023-07-30 12:29:55.469122+03	1	type: DDR4 - size: 8	1	[{"added": {}}]	12	1
10	2023-07-30 12:30:04.310069+03	1	type: SSD - size: 120	2	[{"changed": {"fields": ["Type", "Size"]}}]	12	1
11	2023-07-30 12:30:09.755222+03	1	type: DDR4 - size: 16	1	[{"added": {}}]	13	1
12	2023-07-31 09:58:50.532607+03	18	???? ??????? ???????	3		8	1
13	2023-07-31 09:58:50.534095+03	17	???? ?????? ?????????	3		8	1
14	2023-07-31 09:58:50.534715+03	16	???? ?????????	3		8	1
15	2023-07-31 09:58:50.53529+03	15	???? ???????? ?????? ????????	3		8	1
16	2023-07-31 09:58:50.535851+03	14	???? ?????? ???????? ???????	3		8	1
17	2023-07-31 09:58:50.536421+03	13	???? ?????? ?????	3		8	1
18	2023-07-31 09:58:50.537009+03	12	???? ??????	3		8	1
19	2023-07-31 09:58:50.537563+03	11	???? ??????? ?????????? ?????????	3		8	1
20	2023-07-31 09:58:50.538163+03	10	??????? ?????? ??????? ???????	3		8	1
21	2023-07-31 09:58:50.538712+03	9	??????? ?????? ?????? ???????	3		8	1
22	2023-07-31 09:58:50.539243+03	8	???? ??????? ???????? ????????	3		8	1
23	2023-07-31 09:58:50.539748+03	7	??????? ?????? ??????? ????????	3		8	1
24	2023-07-31 09:58:50.540263+03	6	??????? ?????? ??????? ?????? ?????????	3		8	1
25	2023-07-31 09:58:50.540784+03	5	??????? ?????? ?????? ?????? ?????? ???????	3		8	1
26	2023-07-31 09:58:50.541296+03	4	??????? ?????? ??????? ????????	3		8	1
27	2023-07-31 09:58:50.541809+03	3	???? ????????	3		8	1
28	2023-07-31 09:58:50.542329+03	2	??????? ?????? ?????? ???????? ????????	3		8	1
29	2023-07-31 09:58:50.542849+03	1	??????? ?????? ??????? ????????	3		8	1
30	2023-07-31 10:30:05.672926+03	18	وحدة الأرشيف المركزي	3		8	1
31	2023-07-31 10:30:05.67399+03	17	وحدة الشؤون القانونية	3		8	1
32	2023-07-31 10:30:05.674643+03	16	وحدة المختبرات	3		8	1
33	2023-07-31 10:30:05.675259+03	15	وحدة العلاقات العامة والإعلام	3		8	1
34	2023-07-31 10:30:05.675851+03	14	وحدة الجودة والتطوير المؤسسي	3		8	1
35	2023-07-31 10:30:05.676459+03	13	وحدة التربة والري	3		8	1
36	2023-07-31 10:30:05.677071+03	12	مكتب الوكيل	3		8	1
37	2023-07-31 10:30:05.677634+03	11	وحدة الحاسوب وتكنولوجيا المعلومات	3		8	1
38	2023-07-31 10:30:05.678238+03	10	الإدارة العامة للتفتيش الزراعي	3		8	1
39	2023-07-31 10:30:05.678797+03	9	الإدارة العامة للثروة السمكية	3		8	1
40	2023-07-31 10:30:05.679348+03	8	وحدة الرقابة الداخلية والشكاوي	3		8	1
41	2023-07-31 10:30:05.679921+03	7	الإدارة العامة للخدمات البيطرية	3		8	1
42	2023-07-31 10:30:05.68049+03	6	الإدارة العامة للإرشاد وخدمات المزارعين	3		8	1
43	2023-07-31 10:30:05.681083+03	5	الإدارة العامة لوقاية النبات والحجر الزراعي	3		8	1
44	2023-07-31 10:30:05.681646+03	4	الإدارة العامة للتنمية الزراعية	3		8	1
45	2023-07-31 10:30:05.682225+03	3	وحدة المحررات	3		8	1
46	2023-07-31 10:30:05.682794+03	2	الإدارة العامة للشؤون الإدارية والمالية	3		8	1
47	2023-07-31 10:30:05.683358+03	1	الإدارة العامة للتسويق والمعابر	3		8	1
48	2023-07-31 13:21:54.302622+03	4	DDR5	1	[{"added": {}}]	11	1
49	2023-07-31 13:22:07.095886+03	5	HDD	1	[{"added": {}}]	11	1
50	2023-07-31 13:22:17.416923+03	2	type: DDR5 - size: 8	1	[{"added": {}}]	13	1
51	2023-07-31 13:22:23.808859+03	3	type: DDR4 - size: 8	1	[{"added": {}}]	13	1
52	2023-07-31 13:23:09.467713+03	6	DDR3	1	[{"added": {}}]	11	1
53	2023-07-31 13:23:32.761445+03	2	type: DDR3 - size: 4	1	[{"added": {}}]	12	1
54	2023-07-31 13:23:40.999728+03	2	type: DDR3 - size: 4	3		12	1
55	2023-07-31 13:24:14.490779+03	4	type: DDR3 - size: 4	1	[{"added": {}}]	13	1
56	2023-07-31 13:24:22.412008+03	5	type: DDR3 - size: 8	1	[{"added": {}}]	13	1
57	2023-07-31 13:24:30.622729+03	6	type: DDR3 - size: 16	1	[{"added": {}}]	13	1
58	2023-07-31 13:25:11.310207+03	7	M	1	[{"added": {}}]	11	1
59	2023-07-31 13:25:14.650038+03	7	M.2	2	[{"changed": {"fields": ["Type"]}}]	11	1
60	2023-07-31 13:25:22.388146+03	3	type: M.2 - size: 512	1	[{"added": {}}]	12	1
61	2023-07-31 13:33:51.595651+03	4	type: HDD - size: 500	1	[{"added": {}}]	12	1
62	2023-07-31 13:33:58.885642+03	5	type: SSD - size: 512	1	[{"added": {}}]	12	1
63	2023-07-31 13:34:05.351935+03	6	type: SSD - size: 240	1	[{"added": {}}]	12	1
64	2023-07-31 13:37:18.404704+03	7	type: DDR4 - size: 24	1	[{"added": {}}]	13	1
65	2023-07-31 13:41:19.06862+03	7	type: M.2 - size: 240	1	[{"added": {}}]	12	1
66	2023-08-06 08:27:52.559673+03	3	desktop	1	[{"added": {}}]	10	1
67	2023-08-27 08:38:38.855385+03	4	tablet	1	[{"added": {}}]	10	1
68	2023-08-27 12:50:28.493888+03	34	ttttt	1	[{"added": {}}]	7	1
\.


--
-- Data for Name: django_content_type; Type: TABLE DATA; Schema: public; Owner: postgres
--

COPY public.django_content_type (id, app_label, model) FROM stdin;
1	admin	logentry
2	auth	permission
3	auth	group
4	auth	user
5	contenttypes	contenttype
6	sessions	session
7	EMPDEV	device
8	EMPDEV	publicad
9	EMPDEV	typebreaks
10	EMPDEV	typedevice
11	EMPDEV	typeramhard
12	EMPDEV	storgedevice
13	EMPDEV	ramdevice
14	EMPDEV	maintainaces
15	EMPDEV	employe
\.


--
-- Data for Name: django_migrations; Type: TABLE DATA; Schema: public; Owner: postgres
--

COPY public.django_migrations (id, app, name, applied) FROM stdin;
1	EMPDEV	0001_initial	2023-07-30 12:25:27.485343+03
2	EMPDEV	0002_alter_maintainaces_cost	2023-07-30 12:25:27.493512+03
3	contenttypes	0001_initial	2023-07-30 12:25:27.499609+03
4	auth	0001_initial	2023-07-30 12:25:27.53615+03
5	admin	0001_initial	2023-07-30 12:25:27.550269+03
6	admin	0002_logentry_remove_auto_add	2023-07-30 12:25:27.55724+03
7	admin	0003_logentry_add_action_flag_choices	2023-07-30 12:25:27.562722+03
8	contenttypes	0002_remove_content_type_name	2023-07-30 12:25:27.576298+03
9	auth	0002_alter_permission_name_max_length	2023-07-30 12:25:27.582442+03
10	auth	0003_alter_user_email_max_length	2023-07-30 12:25:27.588643+03
11	auth	0004_alter_user_username_opts	2023-07-30 12:25:27.594361+03
12	auth	0005_alter_user_last_login_null	2023-07-30 12:25:27.601308+03
13	auth	0006_require_contenttypes_0002	2023-07-30 12:25:27.602783+03
14	auth	0007_alter_validators_add_error_messages	2023-07-30 12:25:27.60853+03
15	auth	0008_alter_user_username_max_length	2023-07-30 12:25:27.617047+03
16	auth	0009_alter_user_last_name_max_length	2023-07-30 12:25:27.623448+03
17	auth	0010_alter_group_name_max_length	2023-07-30 12:25:27.630139+03
18	auth	0011_update_proxy_permissions	2023-07-30 12:25:27.638873+03
19	auth	0012_alter_user_first_name_max_length	2023-07-30 12:25:27.645656+03
20	sessions	0001_initial	2023-07-30 12:25:27.652292+03
21	EMPDEV	0003_device_gpu_device_screen	2023-08-16 12:35:56.030339+03
22	EMPDEV	0004_device_price	2023-08-16 12:44:26.539391+03
23	EMPDEV	0005_alter_device_ramdevice_alter_device_storgedevice	2023-08-27 08:51:19.097198+03
24	EMPDEV	0006_alter_device_ramdevice_alter_device_storgedevice	2023-08-27 08:52:29.932229+03
25	EMPDEV	0007_alter_device_cpu	2023-08-27 12:21:40.816228+03
\.


--
-- Data for Name: django_session; Type: TABLE DATA; Schema: public; Owner: postgres
--

COPY public.django_session (session_key, session_data, expire_date) FROM stdin;
7yl191xohxrf7h4lcu0phii7vf9kamom	.eJxVjEsOAiEQBe_C2hAYPt24dO8ZSEODjBommc_KeHedZBa6fVX1XiLStra4LWWOI4uz0OL0uyXKj9J3wHfqt0nmqa_zmOSuyIMu8jpxeV4O9--g0dK-dQ5QteOcTMKsAHAASgGQslWlakPsh8IKVQDQvnisgV1N1ju0aLwS7w_sVTeR:1qQ4Bj:p65fuxFAtoQqyWuuMEJeyEHVTmt-B6cXLp92dv2MEog	2023-08-13 14:02:15.573046+03
abdmtixi88iieqajt8b9ca59f3a8om2x	.eJxVjEsOAiEQBe_C2hAYPt24dO8ZSEODjBommc_KeHedZBa6fVX1XiLStra4LWWOI4uz0OL0uyXKj9J3wHfqt0nmqa_zmOSuyIMu8jpxeV4O9--g0dK-dQ5QteOcTMKsAHAASgGQslWlakPsh8IKVQDQvnisgV1N1ju0aLwS7w_sVTeR:1qQO79:q5ZnGy14Dd2ECC-KI2ER82Q6yheiVltFIU2eZADt9dE	2023-08-14 11:18:51.311001+03
3td46afzzfmjubigkafprzwq6td2ileo	.eJxVjEsOAiEQBe_C2hAYPt24dO8ZSEODjBommc_KeHedZBa6fVX1XiLStra4LWWOI4uz0OL0uyXKj9J3wHfqt0nmqa_zmOSuyIMu8jpxeV4O9--g0dK-dQ5QteOcTMKsAHAASgGQslWlakPsh8IKVQDQvnisgV1N1ju0aLwS7w_sVTeR:1qQOxP:bA5TZ24eXSoL-FnmwilD7iKueLwSvCInyAAVet41wUs	2023-08-14 12:12:51.080641+03
jkw52cjiiv3fuvpg6ijlzc3j3phm60qz	.eJxVjEsOAiEQBe_C2hAYPt24dO8ZSEODjBommc_KeHedZBa6fVX1XiLStra4LWWOI4uz0OL0uyXKj9J3wHfqt0nmqa_zmOSuyIMu8jpxeV4O9--g0dK-dQ5QteOcTMKsAHAASgGQslWlakPsh8IKVQDQvnisgV1N1ju0aLwS7w_sVTeR:1qQQSK:JshCnGmCtRhnHlzd2IV-W2lBu9rlGsYK9gV_Wi65fCw	2023-08-14 13:48:52.036955+03
1uavhw35l3ayurkk5zmd23i1pbdgxla9	.eJxVjEsOAiEQBe_C2hAYPt24dO8ZSEODjBommc_KeHedZBa6fVX1XiLStra4LWWOI4uz0OL0uyXKj9J3wHfqt0nmqa_zmOSuyIMu8jpxeV4O9--g0dK-dQ5QteOcTMKsAHAASgGQslWlakPsh8IKVQDQvnisgV1N1ju0aLwS7w_sVTeR:1qR5qI:Rc5aIF-cRGjcz0Xm3y-DUh8BsAAyUN3tUrdMI6_Qszc	2023-08-16 10:00:22.432921+03
4ap0y7kq0rpxb3b3i2q12bp2mqs00nip	.eJxVjEsOAiEQBe_C2hAYPt24dO8ZSEODjBommc_KeHedZBa6fVX1XiLStra4LWWOI4uz0OL0uyXKj9J3wHfqt0nmqa_zmOSuyIMu8jpxeV4O9--g0dK-dQ5QteOcTMKsAHAASgGQslWlakPsh8IKVQDQvnisgV1N1ju0aLwS7w_sVTeR:1qTgqE:555eqX5I1S5m16aTTnTLc2BCo8eQq_11FtP58E_0p7Q	2023-08-23 13:55:02.188582+03
y01pm038bu5yn94x6jhrx1tlptgogumk	.eJxVjEsOAiEQBe_C2hAYPt24dO8ZSEODjBommc_KeHedZBa6fVX1XiLStra4LWWOI4uz0OL0uyXKj9J3wHfqt0nmqa_zmOSuyIMu8jpxeV4O9--g0dK-dQ5QteOcTMKsAHAASgGQslWlakPsh8IKVQDQvnisgV1N1ju0aLwS7w_sVTeR:1qV7QP:XnC7vSkvYtMnbIeln3WdpzXd8mi_s9uSDVBXvHZwfGg	2023-08-27 12:30:17.881728+03
s152b1gp6nsy895u8vc4aw8n7wxox39w	.eJxVjEsOAiEQBe_C2hAYPt24dO8ZSEODjBommc_KeHedZBa6fVX1XiLStra4LWWOI4uz0OL0uyXKj9J3wHfqt0nmqa_zmOSuyIMu8jpxeV4O9--g0dK-dQ5QteOcTMKsAHAASgGQslWlakPsh8IKVQDQvnisgV1N1ju0aLwS7w_sVTeR:1qYkdp:ybXC7RUAZgM9HFkXGaVugvSkE8moOxJVQ8mAchkCFOQ	2023-09-06 12:59:09.471908+03
y8vdh35gwxtl3eqwqr0cya09zwj5bu08	.eJxVjEsOAiEQBe_C2hAYPt24dO8ZSEODjBommc_KeHedZBa6fVX1XiLStra4LWWOI4uz0OL0uyXKj9J3wHfqt0nmqa_zmOSuyIMu8jpxeV4O9--g0dK-dQ5QteOcTMKsAHAASgGQslWlakPsh8IKVQDQvnisgV1N1ju0aLwS7w_sVTeR:1qZ4xX:D9ng0mx76iFOI17IE3jJzwyJNNedpmoO3_1m8UXPcHo	2023-09-07 10:40:51.526295+03
e04odq4bwr9p4b65xy5ysox08ll0zzu0	.eJxVjEsOAiEQBe_C2hAYPt24dO8ZSEODjBommc_KeHedZBa6fVX1XiLStra4LWWOI4uz0OL0uyXKj9J3wHfqt0nmqa_zmOSuyIMu8jpxeV4O9--g0dK-dQ5QteOcTMKsAHAASgGQslWlakPsh8IKVQDQvnisgV1N1ju0aLwS7w_sVTeR:1qa8GD:mlYqQDP7nMqxSBsr1a6SfeuGqCOJqIEDLhZKG177TmA	2023-09-10 08:24:29.710883+03
xirkhn5twdyem6thyf0znga6pec0gs2s	.eJxVjEsOAiEQBe_C2hAYPt24dO8ZSEODjBommc_KeHedZBa6fVX1XiLStra4LWWOI4uz0OL0uyXKj9J3wHfqt0nmqa_zmOSuyIMu8jpxeV4O9--g0dK-dQ5QteOcTMKsAHAASgGQslWlakPsh8IKVQDQvnisgV1N1ju0aLwS7w_sVTeR:1qaC76:HJzXkl2g1Fj7rwTisrvg8mx8q4mt4QCYaQV7nFu68_g	2023-09-10 12:31:20.894509+03
s537scfyccu8puqezvhj3cpvj15ih3va	.eJxVjEsOAiEQBe_C2hAYPt24dO8ZSEODjBommc_KeHedZBa6fVX1XiLStra4LWWOI4uz0OL0uyXKj9J3wHfqt0nmqa_zmOSuyIMu8jpxeV4O9--g0dK-dQ5QteOcTMKsAHAASgGQslWlakPsh8IKVQDQvnisgV1N1ju0aLwS7w_sVTeR:1qaCw4:DesCrLM1hEdhNaa_q_OEtbd1oY-J3znSOZgcti5N5Iw	2023-09-10 13:24:00.20277+03
\.


--
-- Name: EMPDEV_device_id_seq; Type: SEQUENCE SET; Schema: public; Owner: postgres
--

SELECT pg_catalog.setval('public."EMPDEV_device_id_seq"', 39, true);


--
-- Name: EMPDEV_employe_id_seq; Type: SEQUENCE SET; Schema: public; Owner: postgres
--

SELECT pg_catalog.setval('public."EMPDEV_employe_id_seq"', 602, true);


--
-- Name: EMPDEV_maintainaces_id_seq; Type: SEQUENCE SET; Schema: public; Owner: postgres
--

SELECT pg_catalog.setval('public."EMPDEV_maintainaces_id_seq"', 6, true);


--
-- Name: EMPDEV_publicad_id_seq; Type: SEQUENCE SET; Schema: public; Owner: postgres
--

SELECT pg_catalog.setval('public."EMPDEV_publicad_id_seq"', 26, true);


--
-- Name: EMPDEV_ramdevice_id_seq; Type: SEQUENCE SET; Schema: public; Owner: postgres
--

SELECT pg_catalog.setval('public."EMPDEV_ramdevice_id_seq"', 7, true);


--
-- Name: EMPDEV_storgedevice_id_seq; Type: SEQUENCE SET; Schema: public; Owner: postgres
--

SELECT pg_catalog.setval('public."EMPDEV_storgedevice_id_seq"', 7, true);


--
-- Name: EMPDEV_typebreaks_id_seq; Type: SEQUENCE SET; Schema: public; Owner: postgres
--

SELECT pg_catalog.setval('public."EMPDEV_typebreaks_id_seq"', 2, true);


--
-- Name: EMPDEV_typedevice_id_seq; Type: SEQUENCE SET; Schema: public; Owner: postgres
--

SELECT pg_catalog.setval('public."EMPDEV_typedevice_id_seq"', 4, true);


--
-- Name: EMPDEV_typeramhard_id_seq; Type: SEQUENCE SET; Schema: public; Owner: postgres
--

SELECT pg_catalog.setval('public."EMPDEV_typeramhard_id_seq"', 7, true);


--
-- Name: auth_group_id_seq; Type: SEQUENCE SET; Schema: public; Owner: postgres
--

SELECT pg_catalog.setval('public.auth_group_id_seq', 1, false);


--
-- Name: auth_group_permissions_id_seq; Type: SEQUENCE SET; Schema: public; Owner: postgres
--

SELECT pg_catalog.setval('public.auth_group_permissions_id_seq', 1, false);


--
-- Name: auth_permission_id_seq; Type: SEQUENCE SET; Schema: public; Owner: postgres
--

SELECT pg_catalog.setval('public.auth_permission_id_seq', 60, true);


--
-- Name: auth_user_groups_id_seq; Type: SEQUENCE SET; Schema: public; Owner: postgres
--

SELECT pg_catalog.setval('public.auth_user_groups_id_seq', 1, false);


--
-- Name: auth_user_id_seq; Type: SEQUENCE SET; Schema: public; Owner: postgres
--

SELECT pg_catalog.setval('public.auth_user_id_seq', 1, true);


--
-- Name: auth_user_user_permissions_id_seq; Type: SEQUENCE SET; Schema: public; Owner: postgres
--

SELECT pg_catalog.setval('public.auth_user_user_permissions_id_seq', 1, false);


--
-- Name: django_admin_log_id_seq; Type: SEQUENCE SET; Schema: public; Owner: postgres
--

SELECT pg_catalog.setval('public.django_admin_log_id_seq', 68, true);


--
-- Name: django_content_type_id_seq; Type: SEQUENCE SET; Schema: public; Owner: postgres
--

SELECT pg_catalog.setval('public.django_content_type_id_seq', 15, true);


--
-- Name: django_migrations_id_seq; Type: SEQUENCE SET; Schema: public; Owner: postgres
--

SELECT pg_catalog.setval('public.django_migrations_id_seq', 25, true);


--
-- Name: EMPDEV_device EMPDEV_device_pkey; Type: CONSTRAINT; Schema: public; Owner: postgres
--

ALTER TABLE ONLY public."EMPDEV_device"
    ADD CONSTRAINT "EMPDEV_device_pkey" PRIMARY KEY (id);


--
-- Name: EMPDEV_device EMPDEV_device_serialnumber_key; Type: CONSTRAINT; Schema: public; Owner: postgres
--

ALTER TABLE ONLY public."EMPDEV_device"
    ADD CONSTRAINT "EMPDEV_device_serialnumber_key" UNIQUE (serialnumber);


--
-- Name: EMPDEV_employe EMPDEV_employe_empnumber_key; Type: CONSTRAINT; Schema: public; Owner: postgres
--

ALTER TABLE ONLY public."EMPDEV_employe"
    ADD CONSTRAINT "EMPDEV_employe_empnumber_key" UNIQUE (empnumber);


--
-- Name: EMPDEV_employe EMPDEV_employe_pkey; Type: CONSTRAINT; Schema: public; Owner: postgres
--

ALTER TABLE ONLY public."EMPDEV_employe"
    ADD CONSTRAINT "EMPDEV_employe_pkey" PRIMARY KEY (id);


--
-- Name: EMPDEV_maintainaces EMPDEV_maintainaces_pkey; Type: CONSTRAINT; Schema: public; Owner: postgres
--

ALTER TABLE ONLY public."EMPDEV_maintainaces"
    ADD CONSTRAINT "EMPDEV_maintainaces_pkey" PRIMARY KEY (id);


--
-- Name: EMPDEV_publicad EMPDEV_publicad_pkey; Type: CONSTRAINT; Schema: public; Owner: postgres
--

ALTER TABLE ONLY public."EMPDEV_publicad"
    ADD CONSTRAINT "EMPDEV_publicad_pkey" PRIMARY KEY (id);


--
-- Name: EMPDEV_ramdevice EMPDEV_ramdevice_pkey; Type: CONSTRAINT; Schema: public; Owner: postgres
--

ALTER TABLE ONLY public."EMPDEV_ramdevice"
    ADD CONSTRAINT "EMPDEV_ramdevice_pkey" PRIMARY KEY (id);


--
-- Name: EMPDEV_storgedevice EMPDEV_storgedevice_pkey; Type: CONSTRAINT; Schema: public; Owner: postgres
--

ALTER TABLE ONLY public."EMPDEV_storgedevice"
    ADD CONSTRAINT "EMPDEV_storgedevice_pkey" PRIMARY KEY (id);


--
-- Name: EMPDEV_typebreaks EMPDEV_typebreaks_pkey; Type: CONSTRAINT; Schema: public; Owner: postgres
--

ALTER TABLE ONLY public."EMPDEV_typebreaks"
    ADD CONSTRAINT "EMPDEV_typebreaks_pkey" PRIMARY KEY (id);


--
-- Name: EMPDEV_typedevice EMPDEV_typedevice_pkey; Type: CONSTRAINT; Schema: public; Owner: postgres
--

ALTER TABLE ONLY public."EMPDEV_typedevice"
    ADD CONSTRAINT "EMPDEV_typedevice_pkey" PRIMARY KEY (id);


--
-- Name: EMPDEV_typeramhard EMPDEV_typeramhard_pkey; Type: CONSTRAINT; Schema: public; Owner: postgres
--

ALTER TABLE ONLY public."EMPDEV_typeramhard"
    ADD CONSTRAINT "EMPDEV_typeramhard_pkey" PRIMARY KEY (id);


--
-- Name: auth_group auth_group_name_key; Type: CONSTRAINT; Schema: public; Owner: postgres
--

ALTER TABLE ONLY public.auth_group
    ADD CONSTRAINT auth_group_name_key UNIQUE (name);


--
-- Name: auth_group_permissions auth_group_permissions_group_id_permission_id_0cd325b0_uniq; Type: CONSTRAINT; Schema: public; Owner: postgres
--

ALTER TABLE ONLY public.auth_group_permissions
    ADD CONSTRAINT auth_group_permissions_group_id_permission_id_0cd325b0_uniq UNIQUE (group_id, permission_id);


--
-- Name: auth_group_permissions auth_group_permissions_pkey; Type: CONSTRAINT; Schema: public; Owner: postgres
--

ALTER TABLE ONLY public.auth_group_permissions
    ADD CONSTRAINT auth_group_permissions_pkey PRIMARY KEY (id);


--
-- Name: auth_group auth_group_pkey; Type: CONSTRAINT; Schema: public; Owner: postgres
--

ALTER TABLE ONLY public.auth_group
    ADD CONSTRAINT auth_group_pkey PRIMARY KEY (id);


--
-- Name: auth_permission auth_permission_content_type_id_codename_01ab375a_uniq; Type: CONSTRAINT; Schema: public; Owner: postgres
--

ALTER TABLE ONLY public.auth_permission
    ADD CONSTRAINT auth_permission_content_type_id_codename_01ab375a_uniq UNIQUE (content_type_id, codename);


--
-- Name: auth_permission auth_permission_pkey; Type: CONSTRAINT; Schema: public; Owner: postgres
--

ALTER TABLE ONLY public.auth_permission
    ADD CONSTRAINT auth_permission_pkey PRIMARY KEY (id);


--
-- Name: auth_user_groups auth_user_groups_pkey; Type: CONSTRAINT; Schema: public; Owner: postgres
--

ALTER TABLE ONLY public.auth_user_groups
    ADD CONSTRAINT auth_user_groups_pkey PRIMARY KEY (id);


--
-- Name: auth_user_groups auth_user_groups_user_id_group_id_94350c0c_uniq; Type: CONSTRAINT; Schema: public; Owner: postgres
--

ALTER TABLE ONLY public.auth_user_groups
    ADD CONSTRAINT auth_user_groups_user_id_group_id_94350c0c_uniq UNIQUE (user_id, group_id);


--
-- Name: auth_user auth_user_pkey; Type: CONSTRAINT; Schema: public; Owner: postgres
--

ALTER TABLE ONLY public.auth_user
    ADD CONSTRAINT auth_user_pkey PRIMARY KEY (id);


--
-- Name: auth_user_user_permissions auth_user_user_permissions_pkey; Type: CONSTRAINT; Schema: public; Owner: postgres
--

ALTER TABLE ONLY public.auth_user_user_permissions
    ADD CONSTRAINT auth_user_user_permissions_pkey PRIMARY KEY (id);


--
-- Name: auth_user_user_permissions auth_user_user_permissions_user_id_permission_id_14a6b632_uniq; Type: CONSTRAINT; Schema: public; Owner: postgres
--

ALTER TABLE ONLY public.auth_user_user_permissions
    ADD CONSTRAINT auth_user_user_permissions_user_id_permission_id_14a6b632_uniq UNIQUE (user_id, permission_id);


--
-- Name: auth_user auth_user_username_key; Type: CONSTRAINT; Schema: public; Owner: postgres
--

ALTER TABLE ONLY public.auth_user
    ADD CONSTRAINT auth_user_username_key UNIQUE (username);


--
-- Name: django_admin_log django_admin_log_pkey; Type: CONSTRAINT; Schema: public; Owner: postgres
--

ALTER TABLE ONLY public.django_admin_log
    ADD CONSTRAINT django_admin_log_pkey PRIMARY KEY (id);


--
-- Name: django_content_type django_content_type_app_label_model_76bd3d3b_uniq; Type: CONSTRAINT; Schema: public; Owner: postgres
--

ALTER TABLE ONLY public.django_content_type
    ADD CONSTRAINT django_content_type_app_label_model_76bd3d3b_uniq UNIQUE (app_label, model);


--
-- Name: django_content_type django_content_type_pkey; Type: CONSTRAINT; Schema: public; Owner: postgres
--

ALTER TABLE ONLY public.django_content_type
    ADD CONSTRAINT django_content_type_pkey PRIMARY KEY (id);


--
-- Name: django_migrations django_migrations_pkey; Type: CONSTRAINT; Schema: public; Owner: postgres
--

ALTER TABLE ONLY public.django_migrations
    ADD CONSTRAINT django_migrations_pkey PRIMARY KEY (id);


--
-- Name: django_session django_session_pkey; Type: CONSTRAINT; Schema: public; Owner: postgres
--

ALTER TABLE ONLY public.django_session
    ADD CONSTRAINT django_session_pkey PRIMARY KEY (session_key);


--
-- Name: EMPDEV_device_Employe_id_d5e77897; Type: INDEX; Schema: public; Owner: postgres
--

CREATE INDEX "EMPDEV_device_Employe_id_d5e77897" ON public."EMPDEV_device" USING btree ("Employe_id");


--
-- Name: EMPDEV_device_RamDevice_id_456fcdc0; Type: INDEX; Schema: public; Owner: postgres
--

CREATE INDEX "EMPDEV_device_RamDevice_id_456fcdc0" ON public."EMPDEV_device" USING btree ("RamDevice_id");


--
-- Name: EMPDEV_device_StorgeDevice_id_4101eb9f; Type: INDEX; Schema: public; Owner: postgres
--

CREATE INDEX "EMPDEV_device_StorgeDevice_id_4101eb9f" ON public."EMPDEV_device" USING btree ("StorgeDevice_id");


--
-- Name: EMPDEV_device_TypeDevice_id_4138d41e; Type: INDEX; Schema: public; Owner: postgres
--

CREATE INDEX "EMPDEV_device_TypeDevice_id_4138d41e" ON public."EMPDEV_device" USING btree ("TypeDevice_id");


--
-- Name: EMPDEV_device_serialnumber_566057e2_like; Type: INDEX; Schema: public; Owner: postgres
--

CREATE INDEX "EMPDEV_device_serialnumber_566057e2_like" ON public."EMPDEV_device" USING btree (serialnumber varchar_pattern_ops);


--
-- Name: EMPDEV_employe_PublicAd_id_1baac35a; Type: INDEX; Schema: public; Owner: postgres
--

CREATE INDEX "EMPDEV_employe_PublicAd_id_1baac35a" ON public."EMPDEV_employe" USING btree ("PublicAd_id");


--
-- Name: EMPDEV_maintainaces_TypeBreak_id_04086211; Type: INDEX; Schema: public; Owner: postgres
--

CREATE INDEX "EMPDEV_maintainaces_TypeBreak_id_04086211" ON public."EMPDEV_maintainaces" USING btree ("TypeBreak_id");


--
-- Name: EMPDEV_maintainaces_device_id_61cc96f8; Type: INDEX; Schema: public; Owner: postgres
--

CREATE INDEX "EMPDEV_maintainaces_device_id_61cc96f8" ON public."EMPDEV_maintainaces" USING btree (device_id);


--
-- Name: EMPDEV_ramdevice_type_id_7a4b084f; Type: INDEX; Schema: public; Owner: postgres
--

CREATE INDEX "EMPDEV_ramdevice_type_id_7a4b084f" ON public."EMPDEV_ramdevice" USING btree (type_id);


--
-- Name: EMPDEV_storgedevice_type_id_c1270be2; Type: INDEX; Schema: public; Owner: postgres
--

CREATE INDEX "EMPDEV_storgedevice_type_id_c1270be2" ON public."EMPDEV_storgedevice" USING btree (type_id);


--
-- Name: auth_group_name_a6ea08ec_like; Type: INDEX; Schema: public; Owner: postgres
--

CREATE INDEX auth_group_name_a6ea08ec_like ON public.auth_group USING btree (name varchar_pattern_ops);


--
-- Name: auth_group_permissions_group_id_b120cbf9; Type: INDEX; Schema: public; Owner: postgres
--

CREATE INDEX auth_group_permissions_group_id_b120cbf9 ON public.auth_group_permissions USING btree (group_id);


--
-- Name: auth_group_permissions_permission_id_84c5c92e; Type: INDEX; Schema: public; Owner: postgres
--

CREATE INDEX auth_group_permissions_permission_id_84c5c92e ON public.auth_group_permissions USING btree (permission_id);


--
-- Name: auth_permission_content_type_id_2f476e4b; Type: INDEX; Schema: public; Owner: postgres
--

CREATE INDEX auth_permission_content_type_id_2f476e4b ON public.auth_permission USING btree (content_type_id);


--
-- Name: auth_user_groups_group_id_97559544; Type: INDEX; Schema: public; Owner: postgres
--

CREATE INDEX auth_user_groups_group_id_97559544 ON public.auth_user_groups USING btree (group_id);


--
-- Name: auth_user_groups_user_id_6a12ed8b; Type: INDEX; Schema: public; Owner: postgres
--

CREATE INDEX auth_user_groups_user_id_6a12ed8b ON public.auth_user_groups USING btree (user_id);


--
-- Name: auth_user_user_permissions_permission_id_1fbb5f2c; Type: INDEX; Schema: public; Owner: postgres
--

CREATE INDEX auth_user_user_permissions_permission_id_1fbb5f2c ON public.auth_user_user_permissions USING btree (permission_id);


--
-- Name: auth_user_user_permissions_user_id_a95ead1b; Type: INDEX; Schema: public; Owner: postgres
--

CREATE INDEX auth_user_user_permissions_user_id_a95ead1b ON public.auth_user_user_permissions USING btree (user_id);


--
-- Name: auth_user_username_6821ab7c_like; Type: INDEX; Schema: public; Owner: postgres
--

CREATE INDEX auth_user_username_6821ab7c_like ON public.auth_user USING btree (username varchar_pattern_ops);


--
-- Name: django_admin_log_content_type_id_c4bce8eb; Type: INDEX; Schema: public; Owner: postgres
--

CREATE INDEX django_admin_log_content_type_id_c4bce8eb ON public.django_admin_log USING btree (content_type_id);


--
-- Name: django_admin_log_user_id_c564eba6; Type: INDEX; Schema: public; Owner: postgres
--

CREATE INDEX django_admin_log_user_id_c564eba6 ON public.django_admin_log USING btree (user_id);


--
-- Name: django_session_expire_date_a5c62663; Type: INDEX; Schema: public; Owner: postgres
--

CREATE INDEX django_session_expire_date_a5c62663 ON public.django_session USING btree (expire_date);


--
-- Name: django_session_session_key_c0390e0f_like; Type: INDEX; Schema: public; Owner: postgres
--

CREATE INDEX django_session_session_key_c0390e0f_like ON public.django_session USING btree (session_key varchar_pattern_ops);


--
-- Name: EMPDEV_device EMPDEV_device_Employe_id_d5e77897_fk_EMPDEV_employe_id; Type: FK CONSTRAINT; Schema: public; Owner: postgres
--

ALTER TABLE ONLY public."EMPDEV_device"
    ADD CONSTRAINT "EMPDEV_device_Employe_id_d5e77897_fk_EMPDEV_employe_id" FOREIGN KEY ("Employe_id") REFERENCES public."EMPDEV_employe"(id) DEFERRABLE INITIALLY DEFERRED;


--
-- Name: EMPDEV_device EMPDEV_device_RamDevice_id_456fcdc0_fk_EMPDEV_ramdevice_id; Type: FK CONSTRAINT; Schema: public; Owner: postgres
--

ALTER TABLE ONLY public."EMPDEV_device"
    ADD CONSTRAINT "EMPDEV_device_RamDevice_id_456fcdc0_fk_EMPDEV_ramdevice_id" FOREIGN KEY ("RamDevice_id") REFERENCES public."EMPDEV_ramdevice"(id) DEFERRABLE INITIALLY DEFERRED;


--
-- Name: EMPDEV_device EMPDEV_device_StorgeDevice_id_4101eb9f_fk_EMPDEV_st; Type: FK CONSTRAINT; Schema: public; Owner: postgres
--

ALTER TABLE ONLY public."EMPDEV_device"
    ADD CONSTRAINT "EMPDEV_device_StorgeDevice_id_4101eb9f_fk_EMPDEV_st" FOREIGN KEY ("StorgeDevice_id") REFERENCES public."EMPDEV_storgedevice"(id) DEFERRABLE INITIALLY DEFERRED;


--
-- Name: EMPDEV_device EMPDEV_device_TypeDevice_id_4138d41e_fk_EMPDEV_typedevice_id; Type: FK CONSTRAINT; Schema: public; Owner: postgres
--

ALTER TABLE ONLY public."EMPDEV_device"
    ADD CONSTRAINT "EMPDEV_device_TypeDevice_id_4138d41e_fk_EMPDEV_typedevice_id" FOREIGN KEY ("TypeDevice_id") REFERENCES public."EMPDEV_typedevice"(id) DEFERRABLE INITIALLY DEFERRED;


--
-- Name: EMPDEV_employe EMPDEV_employe_PublicAd_id_1baac35a_fk_EMPDEV_publicad_id; Type: FK CONSTRAINT; Schema: public; Owner: postgres
--

ALTER TABLE ONLY public."EMPDEV_employe"
    ADD CONSTRAINT "EMPDEV_employe_PublicAd_id_1baac35a_fk_EMPDEV_publicad_id" FOREIGN KEY ("PublicAd_id") REFERENCES public."EMPDEV_publicad"(id) DEFERRABLE INITIALLY DEFERRED;


--
-- Name: EMPDEV_maintainaces EMPDEV_maintainaces_TypeBreak_id_04086211_fk_EMPDEV_ty; Type: FK CONSTRAINT; Schema: public; Owner: postgres
--

ALTER TABLE ONLY public."EMPDEV_maintainaces"
    ADD CONSTRAINT "EMPDEV_maintainaces_TypeBreak_id_04086211_fk_EMPDEV_ty" FOREIGN KEY ("TypeBreak_id") REFERENCES public."EMPDEV_typebreaks"(id) DEFERRABLE INITIALLY DEFERRED;


--
-- Name: EMPDEV_maintainaces EMPDEV_maintainaces_device_id_61cc96f8_fk_EMPDEV_device_id; Type: FK CONSTRAINT; Schema: public; Owner: postgres
--

ALTER TABLE ONLY public."EMPDEV_maintainaces"
    ADD CONSTRAINT "EMPDEV_maintainaces_device_id_61cc96f8_fk_EMPDEV_device_id" FOREIGN KEY (device_id) REFERENCES public."EMPDEV_device"(id) DEFERRABLE INITIALLY DEFERRED;


--
-- Name: EMPDEV_ramdevice EMPDEV_ramdevice_type_id_7a4b084f_fk_EMPDEV_typeramhard_id; Type: FK CONSTRAINT; Schema: public; Owner: postgres
--

ALTER TABLE ONLY public."EMPDEV_ramdevice"
    ADD CONSTRAINT "EMPDEV_ramdevice_type_id_7a4b084f_fk_EMPDEV_typeramhard_id" FOREIGN KEY (type_id) REFERENCES public."EMPDEV_typeramhard"(id) DEFERRABLE INITIALLY DEFERRED;


--
-- Name: EMPDEV_storgedevice EMPDEV_storgedevice_type_id_c1270be2_fk_EMPDEV_typeramhard_id; Type: FK CONSTRAINT; Schema: public; Owner: postgres
--

ALTER TABLE ONLY public."EMPDEV_storgedevice"
    ADD CONSTRAINT "EMPDEV_storgedevice_type_id_c1270be2_fk_EMPDEV_typeramhard_id" FOREIGN KEY (type_id) REFERENCES public."EMPDEV_typeramhard"(id) DEFERRABLE INITIALLY DEFERRED;


--
-- Name: auth_group_permissions auth_group_permissio_permission_id_84c5c92e_fk_auth_perm; Type: FK CONSTRAINT; Schema: public; Owner: postgres
--

ALTER TABLE ONLY public.auth_group_permissions
    ADD CONSTRAINT auth_group_permissio_permission_id_84c5c92e_fk_auth_perm FOREIGN KEY (permission_id) REFERENCES public.auth_permission(id) DEFERRABLE INITIALLY DEFERRED;


--
-- Name: auth_group_permissions auth_group_permissions_group_id_b120cbf9_fk_auth_group_id; Type: FK CONSTRAINT; Schema: public; Owner: postgres
--

ALTER TABLE ONLY public.auth_group_permissions
    ADD CONSTRAINT auth_group_permissions_group_id_b120cbf9_fk_auth_group_id FOREIGN KEY (group_id) REFERENCES public.auth_group(id) DEFERRABLE INITIALLY DEFERRED;


--
-- Name: auth_permission auth_permission_content_type_id_2f476e4b_fk_django_co; Type: FK CONSTRAINT; Schema: public; Owner: postgres
--

ALTER TABLE ONLY public.auth_permission
    ADD CONSTRAINT auth_permission_content_type_id_2f476e4b_fk_django_co FOREIGN KEY (content_type_id) REFERENCES public.django_content_type(id) DEFERRABLE INITIALLY DEFERRED;


--
-- Name: auth_user_groups auth_user_groups_group_id_97559544_fk_auth_group_id; Type: FK CONSTRAINT; Schema: public; Owner: postgres
--

ALTER TABLE ONLY public.auth_user_groups
    ADD CONSTRAINT auth_user_groups_group_id_97559544_fk_auth_group_id FOREIGN KEY (group_id) REFERENCES public.auth_group(id) DEFERRABLE INITIALLY DEFERRED;


--
-- Name: auth_user_groups auth_user_groups_user_id_6a12ed8b_fk_auth_user_id; Type: FK CONSTRAINT; Schema: public; Owner: postgres
--

ALTER TABLE ONLY public.auth_user_groups
    ADD CONSTRAINT auth_user_groups_user_id_6a12ed8b_fk_auth_user_id FOREIGN KEY (user_id) REFERENCES public.auth_user(id) DEFERRABLE INITIALLY DEFERRED;


--
-- Name: auth_user_user_permissions auth_user_user_permi_permission_id_1fbb5f2c_fk_auth_perm; Type: FK CONSTRAINT; Schema: public; Owner: postgres
--

ALTER TABLE ONLY public.auth_user_user_permissions
    ADD CONSTRAINT auth_user_user_permi_permission_id_1fbb5f2c_fk_auth_perm FOREIGN KEY (permission_id) REFERENCES public.auth_permission(id) DEFERRABLE INITIALLY DEFERRED;


--
-- Name: auth_user_user_permissions auth_user_user_permissions_user_id_a95ead1b_fk_auth_user_id; Type: FK CONSTRAINT; Schema: public; Owner: postgres
--

ALTER TABLE ONLY public.auth_user_user_permissions
    ADD CONSTRAINT auth_user_user_permissions_user_id_a95ead1b_fk_auth_user_id FOREIGN KEY (user_id) REFERENCES public.auth_user(id) DEFERRABLE INITIALLY DEFERRED;


--
-- Name: django_admin_log django_admin_log_content_type_id_c4bce8eb_fk_django_co; Type: FK CONSTRAINT; Schema: public; Owner: postgres
--

ALTER TABLE ONLY public.django_admin_log
    ADD CONSTRAINT django_admin_log_content_type_id_c4bce8eb_fk_django_co FOREIGN KEY (content_type_id) REFERENCES public.django_content_type(id) DEFERRABLE INITIALLY DEFERRED;


--
-- Name: django_admin_log django_admin_log_user_id_c564eba6_fk_auth_user_id; Type: FK CONSTRAINT; Schema: public; Owner: postgres
--

ALTER TABLE ONLY public.django_admin_log
    ADD CONSTRAINT django_admin_log_user_id_c564eba6_fk_auth_user_id FOREIGN KEY (user_id) REFERENCES public.auth_user(id) DEFERRABLE INITIALLY DEFERRED;


--
-- PostgreSQL database dump complete
--

